Using pre-set license
Built from '2021.3/staging' branch; Version is '2021.3.33f1 (ee5a2aa03ab2) revision 15620650'; Using compiler version '192829333'; Build Type 'Release'
OS: 'Windows 11  (10.0.22621) 64bit Education' Language: 'sv' Physical Memory: 16016 MB
BatchMode: 1, IsHumanControllingUs: 0, StartBugReporterOnCrash: 0, Is64bit: 1, IsPro: 1

COMMAND LINE ARGUMENTS:
C:\Program Files\Unity\Hub\Editor\2021.3.33f1\Editor\Unity.exe
-adb2
-batchMode
-noUpm
-name
AssetImportWorker2
-projectPath
C:/Users/zack.bengtssonbystr/Documents/GitHub/Bound2Skate/Bound2Skate
-logFile
Logs/AssetImportWorker2.log
-srvPort
53895
Successfully changed project path to: C:/Users/zack.bengtssonbystr/Documents/GitHub/Bound2Skate/Bound2Skate
C:/Users/zack.bengtssonbystr/Documents/GitHub/Bound2Skate/Bound2Skate
[UnityMemory] Configuration Parameters - Can be set up in boot.config
    "memorysetup-bucket-allocator-granularity=16"
    "memorysetup-bucket-allocator-bucket-count=8"
    "memorysetup-bucket-allocator-block-size=33554432"
    "memorysetup-bucket-allocator-block-count=8"
    "memorysetup-main-allocator-block-size=16777216"
    "memorysetup-thread-allocator-block-size=16777216"
    "memorysetup-gfx-main-allocator-block-size=16777216"
    "memorysetup-gfx-thread-allocator-block-size=16777216"
    "memorysetup-cache-allocator-block-size=4194304"
    "memorysetup-typetree-allocator-block-size=2097152"
    "memorysetup-profiler-bucket-allocator-granularity=16"
    "memorysetup-profiler-bucket-allocator-bucket-count=8"
    "memorysetup-profiler-bucket-allocator-block-size=33554432"
    "memorysetup-profiler-bucket-allocator-block-count=8"
    "memorysetup-profiler-allocator-block-size=16777216"
    "memorysetup-profiler-editor-allocator-block-size=1048576"
    "memorysetup-temp-allocator-size-main=16777216"
    "memorysetup-job-temp-allocator-block-size=2097152"
    "memorysetup-job-temp-allocator-block-size-background=1048576"
    "memorysetup-job-temp-allocator-reduction-small-platforms=262144"
    "memorysetup-temp-allocator-size-background-worker=32768"
    "memorysetup-temp-allocator-size-job-worker=262144"
    "memorysetup-temp-allocator-size-preload-manager=33554432"
    "memorysetup-temp-allocator-size-nav-mesh-worker=65536"
    "memorysetup-temp-allocator-size-audio-worker=65536"
    "memorysetup-temp-allocator-size-cloud-worker=32768"
    "memorysetup-temp-allocator-size-gi-baking-worker=262144"
    "memorysetup-temp-allocator-size-gfx=262144"
Player connection [8400] Host "[IP] 10.81.37.33 [Port] 0 [Flags] 2 [Guid] 3508611088 [EditorId] 3508611088 [Version] 1048832 [Id] WindowsEditor(7,5CD3147L12) [Debug] 1 [PackageName] WindowsEditor [ProjectName] Editor" joined multi-casting on [225.0.0.222:54997]...

Player connection [8400] Host "[IP] 10.81.37.33 [Port] 0 [Flags] 2 [Guid] 3508611088 [EditorId] 3508611088 [Version] 1048832 [Id] WindowsEditor(7,5CD3147L12) [Debug] 1 [PackageName] WindowsEditor [ProjectName] Editor" joined alternative multi-casting on [225.0.0.222:34997]...

[Physics::Module] Initialized MultithreadedJobDispatcher with {0} workers.
Refreshing native plugins compatible for Editor in 81.92 ms, found 3 plugins.
Preloading 0 native plugins for Editor in 0.00 ms.
Initialize engine version: 2021.3.33f1 (ee5a2aa03ab2)
[Subsystems] Discovering subsystems at path C:/Program Files/Unity/Hub/Editor/2021.3.33f1/Editor/Data/Resources/UnitySubsystems
[Subsystems] Discovering subsystems at path C:/Users/zack.bengtssonbystr/Documents/GitHub/Bound2Skate/Bound2Skate/Assets
GfxDevice: creating device client; threaded=0; jobified=0
Direct3D:
    Version:  Direct3D 11.0 [level 11.1]
    Renderer: NVIDIA GeForce MX570 A (ID=0x25aa)
    Vendor:   NVIDIA
    VRAM:     1957 MB
    Driver:   31.0.15.1713
Initialize mono
Mono path[0] = 'C:/Program Files/Unity/Hub/Editor/2021.3.33f1/Editor/Data/Managed'
Mono path[1] = 'C:/Program Files/Unity/Hub/Editor/2021.3.33f1/Editor/Data/MonoBleedingEdge/lib/mono/unityjit-win32'
Mono config path = 'C:/Program Files/Unity/Hub/Editor/2021.3.33f1/Editor/Data/MonoBleedingEdge/etc'
Using monoOptions --debugger-agent=transport=dt_socket,embedding=1,server=y,suspend=n,address=127.0.0.1:56820
Begin MonoManager ReloadAssembly
Registering precompiled unity dll's ...
Register platform support module: C:/Program Files/Unity/Hub/Editor/2021.3.33f1/Editor/Data/PlaybackEngines/WebGLSupport/UnityEditor.WebGL.Extensions.dll
Register platform support module: C:/Program Files/Unity/Hub/Editor/2021.3.33f1/Editor/Data/PlaybackEngines/WindowsStandaloneSupport/UnityEditor.WindowsStandalone.Extensions.dll
Registered in 0.004327 seconds.
Native extension for WindowsStandalone target not found
Native extension for WebGL target not found
Refreshing native plugins compatible for Editor in 49.28 ms, found 3 plugins.
Preloading 0 native plugins for Editor in 0.00 ms.
Mono: successfully reloaded assembly
- Completed reload, in  0.488 seconds
Domain Reload Profiling:
	ReloadAssembly (488ms)
		BeginReloadAssembly (76ms)
			ExecutionOrderSort (0ms)
			DisableScriptedObjects (0ms)
			BackupInstance (0ms)
			ReleaseScriptingObjects (0ms)
			CreateAndSetChildDomain (1ms)
		EndReloadAssembly (340ms)
			LoadAssemblies (75ms)
			RebuildTransferFunctionScriptingTraits (0ms)
			SetupTypeCache (80ms)
			ReleaseScriptCaches (0ms)
			RebuildScriptCaches (25ms)
			SetupLoadedEditorAssemblies (202ms)
				LogAssemblyErrors (0ms)
				InitializePlatformSupportModulesInManaged (7ms)
				SetLoadedEditorAssemblies (0ms)
				RefreshPlugins (49ms)
				BeforeProcessingInitializeOnLoad (1ms)
				ProcessInitializeOnLoadAttributes (110ms)
				ProcessInitializeOnLoadMethodAttributes (35ms)
				AfterProcessingInitializeOnLoad (0ms)
				EditorAssembliesLoaded (0ms)
			ExecutionOrderSort2 (0ms)
			AwakeInstancesAfterBackupRestoration (0ms)
Platform modules already initialized, skipping
Registering precompiled user dll's ...
Registered in 0.003900 seconds.
Begin MonoManager ReloadAssembly
Native extension for WindowsStandalone target not found
Native extension for WebGL target not found
Refreshing native plugins compatible for Editor in 0.51 ms, found 3 plugins.
Preloading 0 native plugins for Editor in 0.00 ms.
Package Manager log level set to [2]
[Package Manager] Server::EnsureServerProcessIsRunning -- launch failed, reason: Unity was launched with the -noUpm command-line argument
[Package Manager] Cannot connect to Unity Package Manager local server
Mono: successfully reloaded assembly
- Completed reload, in  1.246 seconds
Domain Reload Profiling:
	ReloadAssembly (1247ms)
		BeginReloadAssembly (102ms)
			ExecutionOrderSort (0ms)
			DisableScriptedObjects (4ms)
			BackupInstance (0ms)
			ReleaseScriptingObjects (0ms)
			CreateAndSetChildDomain (14ms)
		EndReloadAssembly (1075ms)
			LoadAssemblies (74ms)
			RebuildTransferFunctionScriptingTraits (0ms)
			SetupTypeCache (181ms)
			ReleaseScriptCaches (0ms)
			RebuildScriptCaches (44ms)
			SetupLoadedEditorAssemblies (758ms)
				LogAssemblyErrors (0ms)
				InitializePlatformSupportModulesInManaged (5ms)
				SetLoadedEditorAssemblies (0ms)
				RefreshPlugins (1ms)
				BeforeProcessingInitializeOnLoad (50ms)
				ProcessInitializeOnLoadAttributes (680ms)
				ProcessInitializeOnLoadMethodAttributes (17ms)
				AfterProcessingInitializeOnLoad (5ms)
				EditorAssembliesLoaded (0ms)
			ExecutionOrderSort2 (0ms)
			AwakeInstancesAfterBackupRestoration (5ms)
Platform modules already initialized, skipping
========================================================================
Worker process is ready to serve import requests
Launched and connected shader compiler UnityShaderCompiler.exe after 0.03 seconds
Refreshing native plugins compatible for Editor in 0.38 ms, found 3 plugins.
Preloading 0 native plugins for Editor in 0.00 ms.
Unloading 3127 Unused Serialized files (Serialized files now loaded: 0)
Unloading 22 unused Assets / (20.4 KB). Loaded Objects now: 3610.
Memory consumption went from 131.2 MB to 131.2 MB.
Total: 2.556000 ms (FindLiveObjects: 0.188300 ms CreateObjectMapping: 0.083800 ms MarkObjects: 2.250500 ms  DeleteObjects: 0.032300 ms)

AssetImportParameters requested are different than current active one (requested -> active):
  custom:video-decoder-ogg-theora: a1e56fd34408186e4bbccfd4996cb3dc -> 
  custom:container-muxer-webm: aa71ff27fc2769a1b78a27578f13a17b -> 
  custom:container-demuxer-webm: 4f35f7cbe854078d1ac9338744f61a02 -> 
  custom:video-encoder-webm-vp8: eb34c28f22e8b96e1ab97ce403110664 -> 
  custom:video-codec-MediaFoundation-h265: 746d11721c4dcdbdad8f713fa42b33f4 -> 
  custom:CustomObjectIndexerAttribute: bc11b3a6c3213fcdd17b65e7da85e133 -> 
  custom:audio-encoder-webm-vorbis: bf7c407c2cedff20999df2af8eb42d56 -> 
  custom:framework-win-MediaFoundation: 216162199b28c13a410421893ffa2e32 -> 
  custom:SearchIndexIgnoredProperties: e643bd26f0fe6173181afceb89e7c659 -> 
  custom:container-demuxer-ogg: 62fdf1f143b41e24485cea50d1cbac27 -> 
  custom:video-decoder-webm-vp8: 9c59270c3fd7afecdb556c50c9e8de78 -> 
  custom:audio-decoder-ogg-vorbis: bf7c407c2cedff20999df2af8eb42d56 -> 
========================================================================
Received Import Request.
  Time since last request: 302715.244014 seconds.
  path: Assets/bottles_Normal_GL.png
  artifactKey: Guid(a147a4bc04299644a96c17ae32bdff51) Importer(815301076,1909f56bfc062723c751e8b465ee728b)
Number of updated assets reloaded before import = 0
Start importing Assets/bottles_Normal_GL.png using Guid(a147a4bc04299644a96c17ae32bdff51) Importer(815301076,1909f56bfc062723c751e8b465ee728b)  -> (artifact id: '0377689c1549c5114b2dbd31b67c68e3') in 0.095434 seconds 
Number of asset objects unloaded after import = 2
========================================================================
Received Import Request.
  Time since last request: 21.580369 seconds.
  path: Assets/Prefabs/PrefabZack/trash(FBX).prefab
  artifactKey: Guid(8210ded15b971f34798b5c02ae9e7092) Importer(815301076,1909f56bfc062723c751e8b465ee728b)
Number of updated assets reloaded before import = 0
Start importing Assets/Prefabs/PrefabZack/trash(FBX).prefab using Guid(8210ded15b971f34798b5c02ae9e7092) Importer(815301076,1909f56bfc062723c751e8b465ee728b)  -> (artifact id: '34a7d42785cffc52c9d21578e5557ee6') in 0.125944 seconds 
Number of asset objects unloaded after import = 79
========================================================================
Received Import Request.
  Time since last request: 78.117906 seconds.
  path: Assets/Prefabs/PrefabZack/trash(FBX).prefab
  artifactKey: Guid(8210ded15b971f34798b5c02ae9e7092) Importer(815301076,1909f56bfc062723c751e8b465ee728b)
Number of updated assets reloaded before import = 0
Start importing Assets/Prefabs/PrefabZack/trash(FBX).prefab using Guid(8210ded15b971f34798b5c02ae9e7092) Importer(815301076,1909f56bfc062723c751e8b465ee728b)  -> (artifact id: '9890ec04ea4f3c9b2510b0f15ef6f062') in 0.079466 seconds 
Number of asset objects unloaded after import = 75
========================================================================
Received Import Request.
  Time since last request: 20.493664 seconds.
  path: Assets/Prefabs/PrefabZack/trash(FBX).prefab
  artifactKey: Guid(8210ded15b971f34798b5c02ae9e7092) Importer(815301076,1909f56bfc062723c751e8b465ee728b)
Number of updated assets reloaded before import = 0
Start importing Assets/Prefabs/PrefabZack/trash(FBX).prefab using Guid(8210ded15b971f34798b5c02ae9e7092) Importer(815301076,1909f56bfc062723c751e8b465ee728b)  -> (artifact id: 'cdd0136bb006cfbeb4b513c95909a39b') in 0.038477 seconds 
Number of asset objects unloaded after import = 75
========================================================================
Received Import Request.
  Time since last request: 2.573545 seconds.
  path: Assets/Prefabs/PrefabZack/trash(FBX).prefab
  artifactKey: Guid(8210ded15b971f34798b5c02ae9e7092) Importer(815301076,1909f56bfc062723c751e8b465ee728b)
Number of updated assets reloaded before import = 0
Start importing Assets/Prefabs/PrefabZack/trash(FBX).prefab using Guid(8210ded15b971f34798b5c02ae9e7092) Importer(815301076,1909f56bfc062723c751e8b465ee728b)  -> (artifact id: '4cc8327e26b6a98cecd320d022c446cb') in 0.043997 seconds 
Number of asset objects unloaded after import = 75
========================================================================
Received Import Request.
  Time since last request: 7.211381 seconds.
  path: Assets/Prefabs/PrefabZack/trash(FBX).prefab
  artifactKey: Guid(8210ded15b971f34798b5c02ae9e7092) Importer(815301076,1909f56bfc062723c751e8b465ee728b)
Number of updated assets reloaded before import = 0
Start importing Assets/Prefabs/PrefabZack/trash(FBX).prefab using Guid(8210ded15b971f34798b5c02ae9e7092) Importer(815301076,1909f56bfc062723c751e8b465ee728b)  -> (artifact id: 'd1b9202b901b23da91c7d90fc7e84298') in 0.046298 seconds 
Number of asset objects unloaded after import = 75
========================================================================
Received Import Request.
  Time since last request: 1.380051 seconds.
  path: Assets/Prefabs/PrefabZack/trash(FBX).prefab
  artifactKey: Guid(8210ded15b971f34798b5c02ae9e7092) Importer(815301076,1909f56bfc062723c751e8b465ee728b)
Number of updated assets reloaded before import = 0
Start importing Assets/Prefabs/PrefabZack/trash(FBX).prefab using Guid(8210ded15b971f34798b5c02ae9e7092) Importer(815301076,1909f56bfc062723c751e8b465ee728b)  -> (artifact id: '49b0bcb6b0c2306ea2caf16135d55582') in 0.045213 seconds 
Number of asset objects unloaded after import = 75
========================================================================
Received Import Request.
  Time since last request: 1.970910 seconds.
  path: Assets/Prefabs/PrefabZack/trash(FBX).prefab
  artifactKey: Guid(8210ded15b971f34798b5c02ae9e7092) Importer(815301076,1909f56bfc062723c751e8b465ee728b)
Number of updated assets reloaded before import = 0
Start importing Assets/Prefabs/PrefabZack/trash(FBX).prefab using Guid(8210ded15b971f34798b5c02ae9e7092) Importer(815301076,1909f56bfc062723c751e8b465ee728b)  -> (artifact id: '7c90883ffd147d2a6ff7b76f666715fb') in 0.075588 seconds 
Number of asset objects unloaded after import = 75
========================================================================
Received Import Request.
  Time since last request: 8.383183 seconds.
  path: Assets/Prefabs/PrefabZack/trash(FBX).prefab
  artifactKey: Guid(8210ded15b971f34798b5c02ae9e7092) Importer(815301076,1909f56bfc062723c751e8b465ee728b)
Number of updated assets reloaded before import = 0
Start importing Assets/Prefabs/PrefabZack/trash(FBX).prefab using Guid(8210ded15b971f34798b5c02ae9e7092) Importer(815301076,1909f56bfc062723c751e8b465ee728b)  -> (artifact id: 'ce3448be9f25682dfe082e276ac8b5c3') in 0.075061 seconds 
Number of asset objects unloaded after import = 75
========================================================================
Received Import Request.
  Time since last request: 4.761045 seconds.
  path: Assets/Prefabs/PrefabZack/trash(FBX).prefab
  artifactKey: Guid(8210ded15b971f34798b5c02ae9e7092) Importer(815301076,1909f56bfc062723c751e8b465ee728b)
Number of updated assets reloaded before import = 0
Start importing Assets/Prefabs/PrefabZack/trash(FBX).prefab using Guid(8210ded15b971f34798b5c02ae9e7092) Importer(815301076,1909f56bfc062723c751e8b465ee728b)  -> (artifact id: '38a4d26fbcd8ada277c165f08cd664fe') in 0.069528 seconds 
Number of asset objects unloaded after import = 75
========================================================================
Received Import Request.
  Time since last request: 13.436614 seconds.
  path: Assets/Prefabs/PrefabZack/trash(FBX).prefab
  artifactKey: Guid(8210ded15b971f34798b5c02ae9e7092) Importer(815301076,1909f56bfc062723c751e8b465ee728b)
Number of updated assets reloaded before import = 0
Start importing Assets/Prefabs/PrefabZack/trash(FBX).prefab using Guid(8210ded15b971f34798b5c02ae9e7092) Importer(815301076,1909f56bfc062723c751e8b465ee728b)  -> (artifact id: 'cfcf538d9d96c4d0b5d4759ec25c2134') in 0.037424 seconds 
Number of asset objects unloaded after import = 75
========================================================================
Received Import Request.
  Time since last request: 3.996102 seconds.
  path: Assets/Prefabs/PrefabZack/trash(FBX).prefab
  artifactKey: Guid(8210ded15b971f34798b5c02ae9e7092) Importer(815301076,1909f56bfc062723c751e8b465ee728b)
Number of updated assets reloaded before import = 0
Start importing Assets/Prefabs/PrefabZack/trash(FBX).prefab using Guid(8210ded15b971f34798b5c02ae9e7092) Importer(815301076,1909f56bfc062723c751e8b465ee728b)  -> (artifact id: '0b4999a0cf4098d95b79b4b604f54b93') in 0.052641 seconds 
Number of asset objects unloaded after import = 75
========================================================================
Received Import Request.
  Time since last request: 12.244516 seconds.
  path: Assets/Prefabs/PrefabZack/trash(FBX).prefab
  artifactKey: Guid(8210ded15b971f34798b5c02ae9e7092) Importer(815301076,1909f56bfc062723c751e8b465ee728b)
Number of updated assets reloaded before import = 0
Start importing Assets/Prefabs/PrefabZack/trash(FBX).prefab using Guid(8210ded15b971f34798b5c02ae9e7092) Importer(815301076,1909f56bfc062723c751e8b465ee728b)  -> (artifact id: '7dc42651c19914513c6778ef66910523') in 0.070831 seconds 
Number of asset objects unloaded after import = 75
========================================================================
Received Import Request.
  Time since last request: 4.378068 seconds.
  path: Assets/Prefabs/PrefabZack/trash(FBX).prefab
  artifactKey: Guid(8210ded15b971f34798b5c02ae9e7092) Importer(815301076,1909f56bfc062723c751e8b465ee728b)
Number of updated assets reloaded before import = 0
Start importing Assets/Prefabs/PrefabZack/trash(FBX).prefab using Guid(8210ded15b971f34798b5c02ae9e7092) Importer(815301076,1909f56bfc062723c751e8b465ee728b)  -> (artifact id: '8db47b611a9ed0df57d488052af2fed7') in 0.071549 seconds 
Number of asset objects unloaded after import = 75
========================================================================
Received Import Request.
  Time since last request: 8.400741 seconds.
  path: Assets/Prefabs/PrefabZack/trash(FBX).prefab
  artifactKey: Guid(8210ded15b971f34798b5c02ae9e7092) Importer(815301076,1909f56bfc062723c751e8b465ee728b)
Number of updated assets reloaded before import = 0
Start importing Assets/Prefabs/PrefabZack/trash(FBX).prefab using Guid(8210ded15b971f34798b5c02ae9e7092) Importer(815301076,1909f56bfc062723c751e8b465ee728b)  -> (artifact id: '77009843096445ef6e11fa1d69a63266') in 0.037967 seconds 
Number of asset objects unloaded after import = 75
========================================================================
Received Import Request.
  Time since last request: 5.003898 seconds.
  path: Assets/Prefabs/PrefabZack/trash(FBX).prefab
  artifactKey: Guid(8210ded15b971f34798b5c02ae9e7092) Importer(815301076,1909f56bfc062723c751e8b465ee728b)
Number of updated assets reloaded before import = 0
Start importing Assets/Prefabs/PrefabZack/trash(FBX).prefab using Guid(8210ded15b971f34798b5c02ae9e7092) Importer(815301076,1909f56bfc062723c751e8b465ee728b)  -> (artifact id: 'd8b6a1add64d045837377304e4cb782b') in 0.078423 seconds 
Number of asset objects unloaded after import = 75
========================================================================
Received Import Request.
  Time since last request: 3.349282 seconds.
  path: Assets/Prefabs/PrefabZack/trash(FBX).prefab
  artifactKey: Guid(8210ded15b971f34798b5c02ae9e7092) Importer(815301076,1909f56bfc062723c751e8b465ee728b)
Number of updated assets reloaded before import = 0
Start importing Assets/Prefabs/PrefabZack/trash(FBX).prefab using Guid(8210ded15b971f34798b5c02ae9e7092) Importer(815301076,1909f56bfc062723c751e8b465ee728b)  -> (artifact id: 'c2370ab2c2703e33a923ebcdef939a0f') in 0.038803 seconds 
Number of asset objects unloaded after import = 75
========================================================================
Received Import Request.
  Time since last request: 27.661589 seconds.
  path: Assets/Prefabs/PrefabZack/trash(FBX).prefab
  artifactKey: Guid(8210ded15b971f34798b5c02ae9e7092) Importer(815301076,1909f56bfc062723c751e8b465ee728b)
Number of updated assets reloaded before import = 0
Start importing Assets/Prefabs/PrefabZack/trash(FBX).prefab using Guid(8210ded15b971f34798b5c02ae9e7092) Importer(815301076,1909f56bfc062723c751e8b465ee728b)  -> (artifact id: '52cf5fb5da0e5bcfa9785b075bb27d8e') in 0.049748 seconds 
Number of asset objects unloaded after import = 75
========================================================================
Received Import Request.
  Time since last request: 4.980196 seconds.
  path: Assets/Prefabs/PrefabZack/trash(FBX).prefab
  artifactKey: Guid(8210ded15b971f34798b5c02ae9e7092) Importer(815301076,1909f56bfc062723c751e8b465ee728b)
Number of updated assets reloaded before import = 0
Start importing Assets/Prefabs/PrefabZack/trash(FBX).prefab using Guid(8210ded15b971f34798b5c02ae9e7092) Importer(815301076,1909f56bfc062723c751e8b465ee728b)  -> (artifact id: 'edcf21e30bfacde9e2088070cad6609e') in 0.039521 seconds 
Number of asset objects unloaded after import = 75
========================================================================
Received Import Request.
  Time since last request: 6.202951 seconds.
  path: Assets/Prefabs/PrefabZack/trash(FBX).prefab
  artifactKey: Guid(8210ded15b971f34798b5c02ae9e7092) Importer(815301076,1909f56bfc062723c751e8b465ee728b)
Number of updated assets reloaded before import = 0
Start importing Assets/Prefabs/PrefabZack/trash(FBX).prefab using Guid(8210ded15b971f34798b5c02ae9e7092) Importer(815301076,1909f56bfc062723c751e8b465ee728b)  -> (artifact id: '8076a4ed0e2b1b23c3e7c0c58d08fde8') in 0.073576 seconds 
Number of asset objects unloaded after import = 75
========================================================================
Received Import Request.
  Time since last request: 2.941376 seconds.
  path: Assets/Prefabs/PrefabZack/trash(FBX).prefab
  artifactKey: Guid(8210ded15b971f34798b5c02ae9e7092) Importer(815301076,1909f56bfc062723c751e8b465ee728b)
Number of updated assets reloaded before import = 0
Start importing Assets/Prefabs/PrefabZack/trash(FBX).prefab using Guid(8210ded15b971f34798b5c02ae9e7092) Importer(815301076,1909f56bfc062723c751e8b465ee728b)  -> (artifact id: '46f64c96eb518e4685174c0930f2a316') in 0.036201 seconds 
Number of asset objects unloaded after import = 75
========================================================================
Received Import Request.
  Time since last request: 7.645594 seconds.
  path: Assets/Prefabs/PrefabZack/trash(FBX).prefab
  artifactKey: Guid(8210ded15b971f34798b5c02ae9e7092) Importer(815301076,1909f56bfc062723c751e8b465ee728b)
Number of updated assets reloaded before import = 0
Start importing Assets/Prefabs/PrefabZack/trash(FBX).prefab using Guid(8210ded15b971f34798b5c02ae9e7092) Importer(815301076,1909f56bfc062723c751e8b465ee728b)  -> (artifact id: 'dd0b9e14ef741b233f4556b5ebe7d2ab') in 0.037241 seconds 
Number of asset objects unloaded after import = 75
========================================================================
Received Import Request.
  Time since last request: 4.990608 seconds.
  path: Assets/Prefabs/PrefabZack/trash(FBX).prefab
  artifactKey: Guid(8210ded15b971f34798b5c02ae9e7092) Importer(815301076,1909f56bfc062723c751e8b465ee728b)
Number of updated assets reloaded before import = 0
Start importing Assets/Prefabs/PrefabZack/trash(FBX).prefab using Guid(8210ded15b971f34798b5c02ae9e7092) Importer(815301076,1909f56bfc062723c751e8b465ee728b)  -> (artifact id: '05f893b8fe77893f7ef0463a58a13e63') in 0.044288 seconds 
Number of asset objects unloaded after import = 75
========================================================================
Received Import Request.
  Time since last request: 6.621492 seconds.
  path: Assets/Prefabs/PrefabZack/trash(FBX).prefab
  artifactKey: Guid(8210ded15b971f34798b5c02ae9e7092) Importer(815301076,1909f56bfc062723c751e8b465ee728b)
Number of updated assets reloaded before import = 0
Start importing Assets/Prefabs/PrefabZack/trash(FBX).prefab using Guid(8210ded15b971f34798b5c02ae9e7092) Importer(815301076,1909f56bfc062723c751e8b465ee728b)  -> (artifact id: '5e98f5778627ca724b6c4165be530fdc') in 0.044650 seconds 
Number of asset objects unloaded after import = 75
========================================================================
Received Import Request.
  Time since last request: 21.542089 seconds.
  path: Assets/Prefabs/PrefabZack/trash(FBX).prefab
  artifactKey: Guid(8210ded15b971f34798b5c02ae9e7092) Importer(815301076,1909f56bfc062723c751e8b465ee728b)
Number of updated assets reloaded before import = 0
Start importing Assets/Prefabs/PrefabZack/trash(FBX).prefab using Guid(8210ded15b971f34798b5c02ae9e7092) Importer(815301076,1909f56bfc062723c751e8b465ee728b)  -> (artifact id: '99dc1a5553e8a9b46cc51fff837b8462') in 0.046440 seconds 
Number of asset objects unloaded after import = 75
========================================================================
Received Import Request.
  Time since last request: 1.355366 seconds.
  path: Assets/Prefabs/PrefabZack/trash(FBX).prefab
  artifactKey: Guid(8210ded15b971f34798b5c02ae9e7092) Importer(815301076,1909f56bfc062723c751e8b465ee728b)
Number of updated assets reloaded before import = 0
Start importing Assets/Prefabs/PrefabZack/trash(FBX).prefab using Guid(8210ded15b971f34798b5c02ae9e7092) Importer(815301076,1909f56bfc062723c751e8b465ee728b)  -> (artifact id: '87d6c237b5dff084267cc243f4b37540') in 0.073543 seconds 
Number of asset objects unloaded after import = 75
========================================================================
Received Import Request.
  Time since last request: 2.148503 seconds.
  path: Assets/Prefabs/PrefabZack/trash(FBX).prefab
  artifactKey: Guid(8210ded15b971f34798b5c02ae9e7092) Importer(815301076,1909f56bfc062723c751e8b465ee728b)
Number of updated assets reloaded before import = 0
Start importing Assets/Prefabs/PrefabZack/trash(FBX).prefab using Guid(8210ded15b971f34798b5c02ae9e7092) Importer(815301076,1909f56bfc062723c751e8b465ee728b)  -> (artifact id: '2302e16679d4081b110ce7971d3a1f89') in 0.073248 seconds 
Number of asset objects unloaded after import = 75
========================================================================
Received Import Request.
  Time since last request: 10.227932 seconds.
  path: Assets/Prefabs/PrefabZack/trash(FBX).prefab
  artifactKey: Guid(8210ded15b971f34798b5c02ae9e7092) Importer(815301076,1909f56bfc062723c751e8b465ee728b)
Number of updated assets reloaded before import = 0
Start importing Assets/Prefabs/PrefabZack/trash(FBX).prefab using Guid(8210ded15b971f34798b5c02ae9e7092) Importer(815301076,1909f56bfc062723c751e8b465ee728b)  -> (artifact id: '8bb4a611df07c1b5a4eebb7bd3aad620') in 0.047553 seconds 
Number of asset objects unloaded after import = 75
========================================================================
Received Import Request.
  Time since last request: 149.236174 seconds.
  path: Assets/Scripts/ScriptsZack/Kys2.cs
  artifactKey: Guid(998312154a1caab4da046958e3397ce0) Importer(815301076,1909f56bfc062723c751e8b465ee728b)
Number of updated assets reloaded before import = 0
Start importing Assets/Scripts/ScriptsZack/Kys2.cs using Guid(998312154a1caab4da046958e3397ce0) Importer(815301076,1909f56bfc062723c751e8b465ee728b)  -> (artifact id: '860a3c3df652ff559395fabc75583dcb') in 0.033197 seconds 
Number of asset objects unloaded after import = 0
========================================================================
Received Prepare
Registering precompiled user dll's ...
Registered in 0.003495 seconds.
Begin MonoManager ReloadAssembly
Native extension for WindowsStandalone target not found
Native extension for WebGL target not found
Refreshing native plugins compatible for Editor in 0.45 ms, found 3 plugins.
Preloading 0 native plugins for Editor in 0.00 ms.
[Package Manager] Server::EnsureServerProcessIsRunning -- launch failed, reason: Unity was launched with the -noUpm command-line argument
[Package Manager] Cannot connect to Unity Package Manager local server
Mono: successfully reloaded assembly
- Completed reload, in  1.295 seconds
Domain Reload Profiling:
	ReloadAssembly (1296ms)
		BeginReloadAssembly (172ms)
			ExecutionOrderSort (0ms)
			DisableScriptedObjects (5ms)
			BackupInstance (0ms)
			ReleaseScriptingObjects (0ms)
			CreateAndSetChildDomain (38ms)
		EndReloadAssembly (1021ms)
			LoadAssemblies (115ms)
			RebuildTransferFunctionScriptingTraits (0ms)
			SetupTypeCache (223ms)
			ReleaseScriptCaches (1ms)
			RebuildScriptCaches (26ms)
			SetupLoadedEditorAssemblies (681ms)
				LogAssemblyErrors (0ms)
				InitializePlatformSupportModulesInManaged (5ms)
				SetLoadedEditorAssemblies (0ms)
				RefreshPlugins (0ms)
				BeforeProcessingInitializeOnLoad (41ms)
				ProcessInitializeOnLoadAttributes (615ms)
				ProcessInitializeOnLoadMethodAttributes (15ms)
				AfterProcessingInitializeOnLoad (5ms)
				EditorAssembliesLoaded (0ms)
			ExecutionOrderSort2 (0ms)
			AwakeInstancesAfterBackupRestoration (4ms)
Platform modules already initialized, skipping
Refreshing native plugins compatible for Editor in 0.53 ms, found 3 plugins.
Preloading 0 native plugins for Editor in 0.00 ms.
Unloading 3107 Unused Serialized files (Serialized files now loaded: 0)
Unloading 18 unused Assets / (21.9 KB). Loaded Objects now: 3623.
Memory consumption went from 134.2 MB to 134.2 MB.
Total: 2.974600 ms (FindLiveObjects: 0.261700 ms CreateObjectMapping: 0.087600 ms MarkObjects: 2.601800 ms  DeleteObjects: 0.021900 ms)

AssetImportParameters requested are different than current active one (requested -> active):
  custom:video-decoder-ogg-theora: a1e56fd34408186e4bbccfd4996cb3dc -> 
  custom:container-muxer-webm: aa71ff27fc2769a1b78a27578f13a17b -> 
  custom:container-demuxer-webm: 4f35f7cbe854078d1ac9338744f61a02 -> 
  custom:video-encoder-webm-vp8: eb34c28f22e8b96e1ab97ce403110664 -> 
  custom:video-codec-MediaFoundation-h265: 746d11721c4dcdbdad8f713fa42b33f4 -> 
  custom:CustomObjectIndexerAttribute: bc11b3a6c3213fcdd17b65e7da85e133 -> 
  custom:audio-encoder-webm-vorbis: bf7c407c2cedff20999df2af8eb42d56 -> 
  custom:framework-win-MediaFoundation: 216162199b28c13a410421893ffa2e32 -> 
  custom:SearchIndexIgnoredProperties: e643bd26f0fe6173181afceb89e7c659 -> 
  custom:container-demuxer-ogg: 62fdf1f143b41e24485cea50d1cbac27 -> 
  custom:video-decoder-webm-vp8: 9c59270c3fd7afecdb556c50c9e8de78 -> 
  custom:audio-decoder-ogg-vorbis: bf7c407c2cedff20999df2af8eb42d56 -> 
========================================================================
Received Import Request.
  Time since last request: 26.730282 seconds.
  path: Assets/Prefabs/PrefabZack/trash(FBX).prefab
  artifactKey: Guid(8210ded15b971f34798b5c02ae9e7092) Importer(815301076,1909f56bfc062723c751e8b465ee728b)
Number of updated assets reloaded before import = 0
Start importing Assets/Prefabs/PrefabZack/trash(FBX).prefab using Guid(8210ded15b971f34798b5c02ae9e7092) Importer(815301076,1909f56bfc062723c751e8b465ee728b)  -> (artifact id: '379fa322fa81ca96a77491cda82948e2') in 0.100738 seconds 
Number of asset objects unloaded after import = 75
========================================================================
Received Prepare
Registering precompiled user dll's ...
Registered in 0.003496 seconds.
Begin MonoManager ReloadAssembly
Native extension for WindowsStandalone target not found
Native extension for WebGL target not found
Refreshing native plugins compatible for Editor in 0.40 ms, found 3 plugins.
Preloading 0 native plugins for Editor in 0.00 ms.
[Package Manager] Server::EnsureServerProcessIsRunning -- launch failed, reason: Unity was launched with the -noUpm command-line argument
[Package Manager] Cannot connect to Unity Package Manager local server
Mono: successfully reloaded assembly
- Completed reload, in  1.421 seconds
Domain Reload Profiling:
	ReloadAssembly (1422ms)
		BeginReloadAssembly (143ms)
			ExecutionOrderSort (0ms)
			DisableScriptedObjects (4ms)
			BackupInstance (0ms)
			ReleaseScriptingObjects (0ms)
			CreateAndSetChildDomain (35ms)
		EndReloadAssembly (1196ms)
			LoadAssemblies (91ms)
			RebuildTransferFunctionScriptingTraits (0ms)
			SetupTypeCache (211ms)
			ReleaseScriptCaches (1ms)
			RebuildScriptCaches (33ms)
			SetupLoadedEditorAssemblies (841ms)
				LogAssemblyErrors (0ms)
				InitializePlatformSupportModulesInManaged (6ms)
				SetLoadedEditorAssemblies (0ms)
				RefreshPlugins (0ms)
				BeforeProcessingInitializeOnLoad (47ms)
				ProcessInitializeOnLoadAttributes (754ms)
				ProcessInitializeOnLoadMethodAttributes (25ms)
				AfterProcessingInitializeOnLoad (8ms)
				EditorAssembliesLoaded (0ms)
			ExecutionOrderSort2 (0ms)
			AwakeInstancesAfterBackupRestoration (8ms)
Platform modules already initialized, skipping
Refreshing native plugins compatible for Editor in 0.76 ms, found 3 plugins.
Preloading 0 native plugins for Editor in 0.00 ms.
Unloading 3107 Unused Serialized files (Serialized files now loaded: 0)
Unloading 18 unused Assets / (21.9 KB). Loaded Objects now: 3626.
Memory consumption went from 134.2 MB to 134.2 MB.
Total: 4.203700 ms (FindLiveObjects: 0.549900 ms CreateObjectMapping: 0.123100 ms MarkObjects: 3.484400 ms  DeleteObjects: 0.043900 ms)

AssetImportParameters requested are different than current active one (requested -> active):
  custom:video-decoder-ogg-theora: a1e56fd34408186e4bbccfd4996cb3dc -> 
  custom:container-muxer-webm: aa71ff27fc2769a1b78a27578f13a17b -> 
  custom:container-demuxer-webm: 4f35f7cbe854078d1ac9338744f61a02 -> 
  custom:video-encoder-webm-vp8: eb34c28f22e8b96e1ab97ce403110664 -> 
  custom:video-codec-MediaFoundation-h265: 746d11721c4dcdbdad8f713fa42b33f4 -> 
  custom:CustomObjectIndexerAttribute: bc11b3a6c3213fcdd17b65e7da85e133 -> 
  custom:audio-encoder-webm-vorbis: bf7c407c2cedff20999df2af8eb42d56 -> 
  custom:framework-win-MediaFoundation: 216162199b28c13a410421893ffa2e32 -> 
  custom:SearchIndexIgnoredProperties: e643bd26f0fe6173181afceb89e7c659 -> 
  custom:container-demuxer-ogg: 62fdf1f143b41e24485cea50d1cbac27 -> 
  custom:video-decoder-webm-vp8: 9c59270c3fd7afecdb556c50c9e8de78 -> 
  custom:audio-decoder-ogg-vorbis: bf7c407c2cedff20999df2af8eb42d56 -> 
========================================================================
Received Prepare
Registering precompiled user dll's ...
Registered in 0.006961 seconds.
Begin MonoManager ReloadAssembly
Native extension for WindowsStandalone target not found
Native extension for WebGL target not found
Refreshing native plugins compatible for Editor in 0.70 ms, found 3 plugins.
Preloading 0 native plugins for Editor in 0.00 ms.
[Package Manager] Server::EnsureServerProcessIsRunning -- launch failed, reason: Unity was launched with the -noUpm command-line argument
[Package Manager] Cannot connect to Unity Package Manager local server
Mono: successfully reloaded assembly
- Completed reload, in  1.686 seconds
Domain Reload Profiling:
	ReloadAssembly (1686ms)
		BeginReloadAssembly (203ms)
			ExecutionOrderSort (0ms)
			DisableScriptedObjects (7ms)
			BackupInstance (0ms)
			ReleaseScriptingObjects (0ms)
			CreateAndSetChildDomain (43ms)
		EndReloadAssembly (1354ms)
			LoadAssemblies (142ms)
			RebuildTransferFunctionScriptingTraits (0ms)
			SetupTypeCache (293ms)
			ReleaseScriptCaches (1ms)
			RebuildScriptCaches (48ms)
			SetupLoadedEditorAssemblies (884ms)
				LogAssemblyErrors (0ms)
				InitializePlatformSupportModulesInManaged (10ms)
				SetLoadedEditorAssemblies (1ms)
				RefreshPlugins (1ms)
				BeforeProcessingInitializeOnLoad (76ms)
				ProcessInitializeOnLoadAttributes (777ms)
				ProcessInitializeOnLoadMethodAttributes (15ms)
				AfterProcessingInitializeOnLoad (5ms)
				EditorAssembliesLoaded (0ms)
			ExecutionOrderSort2 (0ms)
			AwakeInstancesAfterBackupRestoration (4ms)
Platform modules already initialized, skipping
Refreshing native plugins compatible for Editor in 0.42 ms, found 3 plugins.
Preloading 0 native plugins for Editor in 0.00 ms.
Unloading 3107 Unused Serialized files (Serialized files now loaded: 0)
Unloading 18 unused Assets / (22.0 KB). Loaded Objects now: 3629.
Memory consumption went from 134.2 MB to 134.2 MB.
Total: 2.499300 ms (FindLiveObjects: 0.213900 ms CreateObjectMapping: 0.071100 ms MarkObjects: 2.191800 ms  DeleteObjects: 0.021300 ms)

AssetImportParameters requested are different than current active one (requested -> active):
  custom:video-decoder-ogg-theora: a1e56fd34408186e4bbccfd4996cb3dc -> 
  custom:container-muxer-webm: aa71ff27fc2769a1b78a27578f13a17b -> 
  custom:container-demuxer-webm: 4f35f7cbe854078d1ac9338744f61a02 -> 
  custom:video-encoder-webm-vp8: eb34c28f22e8b96e1ab97ce403110664 -> 
  custom:video-codec-MediaFoundation-h265: 746d11721c4dcdbdad8f713fa42b33f4 -> 
  custom:CustomObjectIndexerAttribute: bc11b3a6c3213fcdd17b65e7da85e133 -> 
  custom:audio-encoder-webm-vorbis: bf7c407c2cedff20999df2af8eb42d56 -> 
  custom:framework-win-MediaFoundation: 216162199b28c13a410421893ffa2e32 -> 
  custom:SearchIndexIgnoredProperties: e643bd26f0fe6173181afceb89e7c659 -> 
  custom:container-demuxer-ogg: 62fdf1f143b41e24485cea50d1cbac27 -> 
  custom:video-decoder-webm-vp8: 9c59270c3fd7afecdb556c50c9e8de78 -> 
  custom:audio-decoder-ogg-vorbis: bf7c407c2cedff20999df2af8eb42d56 -> 
========================================================================
Received Prepare
Registering precompiled user dll's ...
Registered in 0.009509 seconds.
Begin MonoManager ReloadAssembly
Native extension for WindowsStandalone target not found
Native extension for WebGL target not found
Refreshing native plugins compatible for Editor in 0.57 ms, found 3 plugins.
Preloading 0 native plugins for Editor in 0.00 ms.
[Package Manager] Server::EnsureServerProcessIsRunning -- launch failed, reason: Unity was launched with the -noUpm command-line argument
[Package Manager] Cannot connect to Unity Package Manager local server
Mono: successfully reloaded assembly
- Completed reload, in  1.719 seconds
Domain Reload Profiling:
	ReloadAssembly (1720ms)
		BeginReloadAssembly (197ms)
			ExecutionOrderSort (0ms)
			DisableScriptedObjects (6ms)
			BackupInstance (0ms)
			ReleaseScriptingObjects (0ms)
			CreateAndSetChildDomain (43ms)
		EndReloadAssembly (1408ms)
			LoadAssemblies (139ms)
			RebuildTransferFunctionScriptingTraits (0ms)
			SetupTypeCache (280ms)
			ReleaseScriptCaches (1ms)
			RebuildScriptCaches (46ms)
			SetupLoadedEditorAssemblies (943ms)
				LogAssemblyErrors (0ms)
				InitializePlatformSupportModulesInManaged (8ms)
				SetLoadedEditorAssemblies (1ms)
				RefreshPlugins (1ms)
				BeforeProcessingInitializeOnLoad (75ms)
				ProcessInitializeOnLoadAttributes (824ms)
				ProcessInitializeOnLoadMethodAttributes (23ms)
				AfterProcessingInitializeOnLoad (11ms)
				EditorAssembliesLoaded (0ms)
			ExecutionOrderSort2 (0ms)
			AwakeInstancesAfterBackupRestoration (7ms)
Platform modules already initialized, skipping
Refreshing native plugins compatible for Editor in 0.52 ms, found 3 plugins.
Preloading 0 native plugins for Editor in 0.00 ms.
Unloading 3107 Unused Serialized files (Serialized files now loaded: 0)
Unloading 18 unused Assets / (21.9 KB). Loaded Objects now: 3632.
Memory consumption went from 134.2 MB to 134.2 MB.
Total: 3.811500 ms (FindLiveObjects: 0.330100 ms CreateObjectMapping: 0.090400 ms MarkObjects: 3.355200 ms  DeleteObjects: 0.034100 ms)

AssetImportParameters requested are different than current active one (requested -> active):
  custom:video-decoder-ogg-theora: a1e56fd34408186e4bbccfd4996cb3dc -> 
  custom:container-muxer-webm: aa71ff27fc2769a1b78a27578f13a17b -> 
  custom:container-demuxer-webm: 4f35f7cbe854078d1ac9338744f61a02 -> 
  custom:video-encoder-webm-vp8: eb34c28f22e8b96e1ab97ce403110664 -> 
  custom:video-codec-MediaFoundation-h265: 746d11721c4dcdbdad8f713fa42b33f4 -> 
  custom:CustomObjectIndexerAttribute: bc11b3a6c3213fcdd17b65e7da85e133 -> 
  custom:audio-encoder-webm-vorbis: bf7c407c2cedff20999df2af8eb42d56 -> 
  custom:framework-win-MediaFoundation: 216162199b28c13a410421893ffa2e32 -> 
  custom:SearchIndexIgnoredProperties: e643bd26f0fe6173181afceb89e7c659 -> 
  custom:container-demuxer-ogg: 62fdf1f143b41e24485cea50d1cbac27 -> 
  custom:video-decoder-webm-vp8: 9c59270c3fd7afecdb556c50c9e8de78 -> 
  custom:audio-decoder-ogg-vorbis: bf7c407c2cedff20999df2af8eb42d56 -> 
========================================================================
Received Import Request.
  Time since last request: 485.707061 seconds.
  path: Assets/Prefabs/PrefabZack/Trash (1).prefab
  artifactKey: Guid(3f8d968dea5985f40a06e17dc2f882cb) Importer(815301076,1909f56bfc062723c751e8b465ee728b)
Number of updated assets reloaded before import = 0
Start importing Assets/Prefabs/PrefabZack/Trash (1).prefab using Guid(3f8d968dea5985f40a06e17dc2f882cb) Importer(815301076,1909f56bfc062723c751e8b465ee728b)  -> (artifact id: 'a721ed3cf91ae056598c6475f9231121') in 0.085064 seconds 
Number of asset objects unloaded after import = 11
========================================================================
Received Import Request.
  Time since last request: 157.696653 seconds.
  path: Assets/Prefabs/PrefabZack/Particle System.prefab
  artifactKey: Guid(0a440675d19c576418b71b177d30af0f) Importer(815301076,1909f56bfc062723c751e8b465ee728b)
Number of updated assets reloaded before import = 0
Start importing Assets/Prefabs/PrefabZack/Particle System.prefab using Guid(0a440675d19c576418b71b177d30af0f) Importer(815301076,1909f56bfc062723c751e8b465ee728b)  -> (artifact id: '71a013300dd9bea268deb67e0efa287a') in 0.029340 seconds 
Number of asset objects unloaded after import = 6
========================================================================
Received Prepare
Registering precompiled user dll's ...
Registered in 0.009441 seconds.
Begin MonoManager ReloadAssembly
Native extension for WindowsStandalone target not found
Native extension for WebGL target not found
Refreshing native plugins compatible for Editor in 0.61 ms, found 3 plugins.
Preloading 0 native plugins for Editor in 0.00 ms.
[Package Manager] Server::EnsureServerProcessIsRunning -- launch failed, reason: Unity was launched with the -noUpm command-line argument
[Package Manager] Cannot connect to Unity Package Manager local server
Mono: successfully reloaded assembly
- Completed reload, in  1.595 seconds
Domain Reload Profiling:
	ReloadAssembly (1596ms)
		BeginReloadAssembly (224ms)
			ExecutionOrderSort (0ms)
			DisableScriptedObjects (7ms)
			BackupInstance (0ms)
			ReleaseScriptingObjects (0ms)
			CreateAndSetChildDomain (48ms)
		EndReloadAssembly (1248ms)
			LoadAssemblies (168ms)
			RebuildTransferFunctionScriptingTraits (0ms)
			SetupTypeCache (290ms)
			ReleaseScriptCaches (1ms)
			RebuildScriptCaches (51ms)
			SetupLoadedEditorAssemblies (763ms)
				LogAssemblyErrors (0ms)
				InitializePlatformSupportModulesInManaged (9ms)
				SetLoadedEditorAssemblies (1ms)
				RefreshPlugins (1ms)
				BeforeProcessingInitializeOnLoad (71ms)
				ProcessInitializeOnLoadAttributes (661ms)
				ProcessInitializeOnLoadMethodAttributes (15ms)
				AfterProcessingInitializeOnLoad (6ms)
				EditorAssembliesLoaded (0ms)
			ExecutionOrderSort2 (0ms)
			AwakeInstancesAfterBackupRestoration (4ms)
Platform modules already initialized, skipping
Refreshing native plugins compatible for Editor in 0.41 ms, found 3 plugins.
Preloading 0 native plugins for Editor in 0.00 ms.
Unloading 3107 Unused Serialized files (Serialized files now loaded: 0)
Unloading 20 unused Assets / (23.6 KB). Loaded Objects now: 3635.
Memory consumption went from 134.3 MB to 134.2 MB.
Total: 2.686800 ms (FindLiveObjects: 0.236300 ms CreateObjectMapping: 0.088400 ms MarkObjects: 2.310800 ms  DeleteObjects: 0.050100 ms)

AssetImportParameters requested are different than current active one (requested -> active):
  custom:video-decoder-ogg-theora: a1e56fd34408186e4bbccfd4996cb3dc -> 
  custom:container-muxer-webm: aa71ff27fc2769a1b78a27578f13a17b -> 
  custom:container-demuxer-webm: 4f35f7cbe854078d1ac9338744f61a02 -> 
  custom:video-encoder-webm-vp8: eb34c28f22e8b96e1ab97ce403110664 -> 
  custom:video-codec-MediaFoundation-h265: 746d11721c4dcdbdad8f713fa42b33f4 -> 
  custom:CustomObjectIndexerAttribute: bc11b3a6c3213fcdd17b65e7da85e133 -> 
  custom:audio-encoder-webm-vorbis: bf7c407c2cedff20999df2af8eb42d56 -> 
  custom:framework-win-MediaFoundation: 216162199b28c13a410421893ffa2e32 -> 
  custom:SearchIndexIgnoredProperties: e643bd26f0fe6173181afceb89e7c659 -> 
  custom:container-demuxer-ogg: 62fdf1f143b41e24485cea50d1cbac27 -> 
  custom:video-decoder-webm-vp8: 9c59270c3fd7afecdb556c50c9e8de78 -> 
  custom:audio-decoder-ogg-vorbis: bf7c407c2cedff20999df2af8eb42d56 -> 
========================================================================
Received Prepare
Registering precompiled user dll's ...
Registered in 0.004638 seconds.
Begin MonoManager ReloadAssembly
Native extension for WindowsStandalone target not found
Native extension for WebGL target not found
Refreshing native plugins compatible for Editor in 0.70 ms, found 3 plugins.
Preloading 0 native plugins for Editor in 0.00 ms.
[Package Manager] Server::EnsureServerProcessIsRunning -- launch failed, reason: Unity was launched with the -noUpm command-line argument
[Package Manager] Cannot connect to Unity Package Manager local server
Mono: successfully reloaded assembly
- Completed reload, in  1.482 seconds
Domain Reload Profiling:
	ReloadAssembly (1483ms)
		BeginReloadAssembly (139ms)
			ExecutionOrderSort (0ms)
			DisableScriptedObjects (3ms)
			BackupInstance (0ms)
			ReleaseScriptingObjects (0ms)
			CreateAndSetChildDomain (29ms)
		EndReloadAssembly (1255ms)
			LoadAssemblies (94ms)
			RebuildTransferFunctionScriptingTraits (0ms)
			SetupTypeCache (217ms)
			ReleaseScriptCaches (2ms)
			RebuildScriptCaches (34ms)
			SetupLoadedEditorAssemblies (900ms)
				LogAssemblyErrors (0ms)
				InitializePlatformSupportModulesInManaged (5ms)
				SetLoadedEditorAssemblies (0ms)
				RefreshPlugins (1ms)
				BeforeProcessingInitializeOnLoad (48ms)
				ProcessInitializeOnLoadAttributes (813ms)
				ProcessInitializeOnLoadMethodAttributes (24ms)
				AfterProcessingInitializeOnLoad (8ms)
				EditorAssembliesLoaded (1ms)
			ExecutionOrderSort2 (0ms)
			AwakeInstancesAfterBackupRestoration (8ms)
Platform modules already initialized, skipping
Refreshing native plugins compatible for Editor in 0.77 ms, found 3 plugins.
Preloading 0 native plugins for Editor in 0.00 ms.
Unloading 3107 Unused Serialized files (Serialized files now loaded: 0)
Unloading 18 unused Assets / (21.9 KB). Loaded Objects now: 3638.
Memory consumption went from 134.3 MB to 134.2 MB.
Total: 3.997000 ms (FindLiveObjects: 0.447800 ms CreateObjectMapping: 0.127300 ms MarkObjects: 3.393700 ms  DeleteObjects: 0.026400 ms)

AssetImportParameters requested are different than current active one (requested -> active):
  custom:video-decoder-ogg-theora: a1e56fd34408186e4bbccfd4996cb3dc -> 
  custom:container-muxer-webm: aa71ff27fc2769a1b78a27578f13a17b -> 
  custom:container-demuxer-webm: 4f35f7cbe854078d1ac9338744f61a02 -> 
  custom:video-encoder-webm-vp8: eb34c28f22e8b96e1ab97ce403110664 -> 
  custom:video-codec-MediaFoundation-h265: 746d11721c4dcdbdad8f713fa42b33f4 -> 
  custom:CustomObjectIndexerAttribute: bc11b3a6c3213fcdd17b65e7da85e133 -> 
  custom:audio-encoder-webm-vorbis: bf7c407c2cedff20999df2af8eb42d56 -> 
  custom:framework-win-MediaFoundation: 216162199b28c13a410421893ffa2e32 -> 
  custom:SearchIndexIgnoredProperties: e643bd26f0fe6173181afceb89e7c659 -> 
  custom:container-demuxer-ogg: 62fdf1f143b41e24485cea50d1cbac27 -> 
  custom:video-decoder-webm-vp8: 9c59270c3fd7afecdb556c50c9e8de78 -> 
  custom:audio-decoder-ogg-vorbis: bf7c407c2cedff20999df2af8eb42d56 -> 
========================================================================
Received Prepare
Registering precompiled user dll's ...
Registered in 0.004788 seconds.
Begin MonoManager ReloadAssembly
Native extension for WindowsStandalone target not found
Native extension for WebGL target not found
Refreshing native plugins compatible for Editor in 0.64 ms, found 3 plugins.
Preloading 0 native plugins for Editor in 0.00 ms.
[Package Manager] Server::EnsureServerProcessIsRunning -- launch failed, reason: Unity was launched with the -noUpm command-line argument
[Package Manager] Cannot connect to Unity Package Manager local server
Mono: successfully reloaded assembly
- Completed reload, in  1.551 seconds
Domain Reload Profiling:
	ReloadAssembly (1552ms)
		BeginReloadAssembly (153ms)
			ExecutionOrderSort (0ms)
			DisableScriptedObjects (4ms)
			BackupInstance (0ms)
			ReleaseScriptingObjects (0ms)
			CreateAndSetChildDomain (34ms)
		EndReloadAssembly (1321ms)
			LoadAssemblies (104ms)
			RebuildTransferFunctionScriptingTraits (0ms)
			SetupTypeCache (226ms)
			ReleaseScriptCaches (1ms)
			RebuildScriptCaches (47ms)
			SetupLoadedEditorAssemblies (916ms)
				LogAssemblyErrors (0ms)
				InitializePlatformSupportModulesInManaged (8ms)
				SetLoadedEditorAssemblies (1ms)
				RefreshPlugins (1ms)
				BeforeProcessingInitializeOnLoad (58ms)
				ProcessInitializeOnLoadAttributes (817ms)
				ProcessInitializeOnLoadMethodAttributes (25ms)
				AfterProcessingInitializeOnLoad (7ms)
				EditorAssembliesLoaded (0ms)
			ExecutionOrderSort2 (0ms)
			AwakeInstancesAfterBackupRestoration (7ms)
Platform modules already initialized, skipping
Refreshing native plugins compatible for Editor in 0.60 ms, found 3 plugins.
Preloading 0 native plugins for Editor in 0.00 ms.
Unloading 3107 Unused Serialized files (Serialized files now loaded: 0)
Unloading 18 unused Assets / (21.9 KB). Loaded Objects now: 3641.
Memory consumption went from 134.3 MB to 134.2 MB.
Total: 3.992200 ms (FindLiveObjects: 0.341600 ms CreateObjectMapping: 0.122100 ms MarkObjects: 3.497300 ms  DeleteObjects: 0.030000 ms)

AssetImportParameters requested are different than current active one (requested -> active):
  custom:video-decoder-ogg-theora: a1e56fd34408186e4bbccfd4996cb3dc -> 
  custom:container-muxer-webm: aa71ff27fc2769a1b78a27578f13a17b -> 
  custom:container-demuxer-webm: 4f35f7cbe854078d1ac9338744f61a02 -> 
  custom:video-encoder-webm-vp8: eb34c28f22e8b96e1ab97ce403110664 -> 
  custom:video-codec-MediaFoundation-h265: 746d11721c4dcdbdad8f713fa42b33f4 -> 
  custom:CustomObjectIndexerAttribute: bc11b3a6c3213fcdd17b65e7da85e133 -> 
  custom:audio-encoder-webm-vorbis: bf7c407c2cedff20999df2af8eb42d56 -> 
  custom:framework-win-MediaFoundation: 216162199b28c13a410421893ffa2e32 -> 
  custom:SearchIndexIgnoredProperties: e643bd26f0fe6173181afceb89e7c659 -> 
  custom:container-demuxer-ogg: 62fdf1f143b41e24485cea50d1cbac27 -> 
  custom:video-decoder-webm-vp8: 9c59270c3fd7afecdb556c50c9e8de78 -> 
  custom:audio-decoder-ogg-vorbis: bf7c407c2cedff20999df2af8eb42d56 -> 
========================================================================
Received Prepare
Registering precompiled user dll's ...
Registered in 0.007041 seconds.
Begin MonoManager ReloadAssembly
Native extension for WindowsStandalone target not found
Native extension for WebGL target not found
Refreshing native plugins compatible for Editor in 0.55 ms, found 3 plugins.
Preloading 0 native plugins for Editor in 0.00 ms.
[Package Manager] Server::EnsureServerProcessIsRunning -- launch failed, reason: Unity was launched with the -noUpm command-line argument
[Package Manager] Cannot connect to Unity Package Manager local server
Mono: successfully reloaded assembly
- Completed reload, in  1.577 seconds
Domain Reload Profiling:
	ReloadAssembly (1577ms)
		BeginReloadAssembly (201ms)
			ExecutionOrderSort (0ms)
			DisableScriptedObjects (7ms)
			BackupInstance (0ms)
			ReleaseScriptingObjects (0ms)
			CreateAndSetChildDomain (45ms)
		EndReloadAssembly (1262ms)
			LoadAssemblies (136ms)
			RebuildTransferFunctionScriptingTraits (0ms)
			SetupTypeCache (288ms)
			ReleaseScriptCaches (1ms)
			RebuildScriptCaches (49ms)
			SetupLoadedEditorAssemblies (806ms)
				LogAssemblyErrors (0ms)
				InitializePlatformSupportModulesInManaged (8ms)
				SetLoadedEditorAssemblies (1ms)
				RefreshPlugins (1ms)
				BeforeProcessingInitializeOnLoad (74ms)
				ProcessInitializeOnLoadAttributes (704ms)
				ProcessInitializeOnLoadMethodAttributes (13ms)
				AfterProcessingInitializeOnLoad (6ms)
				EditorAssembliesLoaded (0ms)
			ExecutionOrderSort2 (0ms)
			AwakeInstancesAfterBackupRestoration (4ms)
Platform modules already initialized, skipping
Refreshing native plugins compatible for Editor in 0.40 ms, found 3 plugins.
Preloading 0 native plugins for Editor in 0.00 ms.
Unloading 3107 Unused Serialized files (Serialized files now loaded: 0)
Unloading 18 unused Assets / (21.9 KB). Loaded Objects now: 3644.
Memory consumption went from 134.3 MB to 134.3 MB.
Total: 2.469800 ms (FindLiveObjects: 0.179500 ms CreateObjectMapping: 0.072400 ms MarkObjects: 2.195900 ms  DeleteObjects: 0.021000 ms)

AssetImportParameters requested are different than current active one (requested -> active):
  custom:video-decoder-ogg-theora: a1e56fd34408186e4bbccfd4996cb3dc -> 
  custom:container-muxer-webm: aa71ff27fc2769a1b78a27578f13a17b -> 
  custom:container-demuxer-webm: 4f35f7cbe854078d1ac9338744f61a02 -> 
  custom:video-encoder-webm-vp8: eb34c28f22e8b96e1ab97ce403110664 -> 
  custom:video-codec-MediaFoundation-h265: 746d11721c4dcdbdad8f713fa42b33f4 -> 
  custom:CustomObjectIndexerAttribute: bc11b3a6c3213fcdd17b65e7da85e133 -> 
  custom:audio-encoder-webm-vorbis: bf7c407c2cedff20999df2af8eb42d56 -> 
  custom:framework-win-MediaFoundation: 216162199b28c13a410421893ffa2e32 -> 
  custom:SearchIndexIgnoredProperties: e643bd26f0fe6173181afceb89e7c659 -> 
  custom:container-demuxer-ogg: 62fdf1f143b41e24485cea50d1cbac27 -> 
  custom:video-decoder-webm-vp8: 9c59270c3fd7afecdb556c50c9e8de78 -> 
  custom:audio-decoder-ogg-vorbis: bf7c407c2cedff20999df2af8eb42d56 -> 
========================================================================
Received Prepare
Registering precompiled user dll's ...
Registered in 0.010281 seconds.
Begin MonoManager ReloadAssembly
Native extension for WindowsStandalone target not found
Native extension for WebGL target not found
Refreshing native plugins compatible for Editor in 0.58 ms, found 3 plugins.
Preloading 0 native plugins for Editor in 0.00 ms.
[Package Manager] Server::EnsureServerProcessIsRunning -- launch failed, reason: Unity was launched with the -noUpm command-line argument
[Package Manager] Cannot connect to Unity Package Manager local server
Mono: successfully reloaded assembly
- Completed reload, in  1.703 seconds
Domain Reload Profiling:
	ReloadAssembly (1704ms)
		BeginReloadAssembly (191ms)
			ExecutionOrderSort (0ms)
			DisableScriptedObjects (7ms)
			BackupInstance (0ms)
			ReleaseScriptingObjects (0ms)
			CreateAndSetChildDomain (39ms)
		EndReloadAssembly (1390ms)
			LoadAssemblies (135ms)
			RebuildTransferFunctionScriptingTraits (0ms)
			SetupTypeCache (279ms)
			ReleaseScriptCaches (1ms)
			RebuildScriptCaches (48ms)
			SetupLoadedEditorAssemblies (922ms)
				LogAssemblyErrors (0ms)
				InitializePlatformSupportModulesInManaged (8ms)
				SetLoadedEditorAssemblies (1ms)
				RefreshPlugins (1ms)
				BeforeProcessingInitializeOnLoad (73ms)
				ProcessInitializeOnLoadAttributes (806ms)
				ProcessInitializeOnLoadMethodAttributes (23ms)
				AfterProcessingInitializeOnLoad (10ms)
				EditorAssembliesLoaded (0ms)
			ExecutionOrderSort2 (0ms)
			AwakeInstancesAfterBackupRestoration (14ms)
Platform modules already initialized, skipping
Refreshing native plugins compatible for Editor in 0.56 ms, found 3 plugins.
Preloading 0 native plugins for Editor in 0.00 ms.
Unloading 3107 Unused Serialized files (Serialized files now loaded: 0)
Unloading 18 unused Assets / (21.9 KB). Loaded Objects now: 3647.
Memory consumption went from 134.3 MB to 134.3 MB.
Total: 3.302900 ms (FindLiveObjects: 0.264300 ms CreateObjectMapping: 0.087800 ms MarkObjects: 2.923300 ms  DeleteObjects: 0.025600 ms)

AssetImportParameters requested are different than current active one (requested -> active):
  custom:video-decoder-ogg-theora: a1e56fd34408186e4bbccfd4996cb3dc -> 
  custom:container-muxer-webm: aa71ff27fc2769a1b78a27578f13a17b -> 
  custom:container-demuxer-webm: 4f35f7cbe854078d1ac9338744f61a02 -> 
  custom:video-encoder-webm-vp8: eb34c28f22e8b96e1ab97ce403110664 -> 
  custom:video-codec-MediaFoundation-h265: 746d11721c4dcdbdad8f713fa42b33f4 -> 
  custom:CustomObjectIndexerAttribute: bc11b3a6c3213fcdd17b65e7da85e133 -> 
  custom:audio-encoder-webm-vorbis: bf7c407c2cedff20999df2af8eb42d56 -> 
  custom:framework-win-MediaFoundation: 216162199b28c13a410421893ffa2e32 -> 
  custom:SearchIndexIgnoredProperties: e643bd26f0fe6173181afceb89e7c659 -> 
  custom:container-demuxer-ogg: 62fdf1f143b41e24485cea50d1cbac27 -> 
  custom:video-decoder-webm-vp8: 9c59270c3fd7afecdb556c50c9e8de78 -> 
  custom:audio-decoder-ogg-vorbis: bf7c407c2cedff20999df2af8eb42d56 -> 
========================================================================
Received Prepare
Registering precompiled user dll's ...
Registered in 0.008602 seconds.
Begin MonoManager ReloadAssembly
Native extension for WindowsStandalone target not found
Native extension for WebGL target not found
Refreshing native plugins compatible for Editor in 0.56 ms, found 3 plugins.
Preloading 0 native plugins for Editor in 0.00 ms.
[Package Manager] Server::EnsureServerProcessIsRunning -- launch failed, reason: Unity was launched with the -noUpm command-line argument
[Package Manager] Cannot connect to Unity Package Manager local server
Mono: successfully reloaded assembly
- Completed reload, in  1.625 seconds
Domain Reload Profiling:
	ReloadAssembly (1626ms)
		BeginReloadAssembly (205ms)
			ExecutionOrderSort (0ms)
			DisableScriptedObjects (7ms)
			BackupInstance (0ms)
			ReleaseScriptingObjects (0ms)
			CreateAndSetChildDomain (43ms)
		EndReloadAssembly (1304ms)
			LoadAssemblies (145ms)
			RebuildTransferFunctionScriptingTraits (0ms)
			SetupTypeCache (296ms)
			ReleaseScriptCaches (1ms)
			RebuildScriptCaches (67ms)
			SetupLoadedEditorAssemblies (791ms)
				LogAssemblyErrors (0ms)
				InitializePlatformSupportModulesInManaged (9ms)
				SetLoadedEditorAssemblies (1ms)
				RefreshPlugins (1ms)
				BeforeProcessingInitializeOnLoad (84ms)
				ProcessInitializeOnLoadAttributes (671ms)
				ProcessInitializeOnLoadMethodAttributes (18ms)
				AfterProcessingInitializeOnLoad (9ms)
				EditorAssembliesLoaded (0ms)
			ExecutionOrderSort2 (0ms)
			AwakeInstancesAfterBackupRestoration (5ms)
Platform modules already initialized, skipping
Refreshing native plugins compatible for Editor in 0.43 ms, found 3 plugins.
Preloading 0 native plugins for Editor in 0.00 ms.
Unloading 3107 Unused Serialized files (Serialized files now loaded: 0)
Unloading 18 unused Assets / (21.9 KB). Loaded Objects now: 3650.
Memory consumption went from 134.3 MB to 134.3 MB.
Total: 2.515700 ms (FindLiveObjects: 0.184300 ms CreateObjectMapping: 0.080800 ms MarkObjects: 2.228500 ms  DeleteObjects: 0.019300 ms)

AssetImportParameters requested are different than current active one (requested -> active):
  custom:video-decoder-ogg-theora: a1e56fd34408186e4bbccfd4996cb3dc -> 
  custom:container-muxer-webm: aa71ff27fc2769a1b78a27578f13a17b -> 
  custom:container-demuxer-webm: 4f35f7cbe854078d1ac9338744f61a02 -> 
  custom:video-encoder-webm-vp8: eb34c28f22e8b96e1ab97ce403110664 -> 
  custom:video-codec-MediaFoundation-h265: 746d11721c4dcdbdad8f713fa42b33f4 -> 
  custom:CustomObjectIndexerAttribute: bc11b3a6c3213fcdd17b65e7da85e133 -> 
  custom:audio-encoder-webm-vorbis: bf7c407c2cedff20999df2af8eb42d56 -> 
  custom:framework-win-MediaFoundation: 216162199b28c13a410421893ffa2e32 -> 
  custom:SearchIndexIgnoredProperties: e643bd26f0fe6173181afceb89e7c659 -> 
  custom:container-demuxer-ogg: 62fdf1f143b41e24485cea50d1cbac27 -> 
  custom:video-decoder-webm-vp8: 9c59270c3fd7afecdb556c50c9e8de78 -> 
  custom:audio-decoder-ogg-vorbis: bf7c407c2cedff20999df2af8eb42d56 -> 
========================================================================
Received Prepare
Registering precompiled user dll's ...
Registered in 0.003132 seconds.
Begin MonoManager ReloadAssembly
Native extension for WindowsStandalone target not found
Native extension for WebGL target not found
Refreshing native plugins compatible for Editor in 0.67 ms, found 3 plugins.
Preloading 0 native plugins for Editor in 0.00 ms.
[Package Manager] Server::EnsureServerProcessIsRunning -- launch failed, reason: Unity was launched with the -noUpm command-line argument
[Package Manager] Cannot connect to Unity Package Manager local server
Mono: successfully reloaded assembly
- Completed reload, in  1.401 seconds
Domain Reload Profiling:
	ReloadAssembly (1402ms)
		BeginReloadAssembly (142ms)
			ExecutionOrderSort (0ms)
			DisableScriptedObjects (6ms)
			BackupInstance (0ms)
			ReleaseScriptingObjects (0ms)
			CreateAndSetChildDomain (29ms)
		EndReloadAssembly (1182ms)
			LoadAssemblies (95ms)
			RebuildTransferFunctionScriptingTraits (0ms)
			SetupTypeCache (237ms)
			ReleaseScriptCaches (1ms)
			RebuildScriptCaches (43ms)
			SetupLoadedEditorAssemblies (786ms)
				LogAssemblyErrors (0ms)
				InitializePlatformSupportModulesInManaged (10ms)
				SetLoadedEditorAssemblies (1ms)
				RefreshPlugins (1ms)
				BeforeProcessingInitializeOnLoad (74ms)
				ProcessInitializeOnLoadAttributes (681ms)
				ProcessInitializeOnLoadMethodAttributes (14ms)
				AfterProcessingInitializeOnLoad (5ms)
				EditorAssembliesLoaded (0ms)
			ExecutionOrderSort2 (0ms)
			AwakeInstancesAfterBackupRestoration (4ms)
Platform modules already initialized, skipping
Refreshing native plugins compatible for Editor in 0.56 ms, found 3 plugins.
Preloading 0 native plugins for Editor in 0.00 ms.
Unloading 3107 Unused Serialized files (Serialized files now loaded: 0)
Unloading 18 unused Assets / (21.9 KB). Loaded Objects now: 3653.
Memory consumption went from 134.3 MB to 134.3 MB.
Total: 2.639900 ms (FindLiveObjects: 0.204800 ms CreateObjectMapping: 0.082300 ms MarkObjects: 2.322100 ms  DeleteObjects: 0.029700 ms)

AssetImportParameters requested are different than current active one (requested -> active):
  custom:video-decoder-ogg-theora: a1e56fd34408186e4bbccfd4996cb3dc -> 
  custom:container-muxer-webm: aa71ff27fc2769a1b78a27578f13a17b -> 
  custom:container-demuxer-webm: 4f35f7cbe854078d1ac9338744f61a02 -> 
  custom:video-encoder-webm-vp8: eb34c28f22e8b96e1ab97ce403110664 -> 
  custom:video-codec-MediaFoundation-h265: 746d11721c4dcdbdad8f713fa42b33f4 -> 
  custom:CustomObjectIndexerAttribute: bc11b3a6c3213fcdd17b65e7da85e133 -> 
  custom:audio-encoder-webm-vorbis: bf7c407c2cedff20999df2af8eb42d56 -> 
  custom:framework-win-MediaFoundation: 216162199b28c13a410421893ffa2e32 -> 
  custom:SearchIndexIgnoredProperties: e643bd26f0fe6173181afceb89e7c659 -> 
  custom:container-demuxer-ogg: 62fdf1f143b41e24485cea50d1cbac27 -> 
  custom:video-decoder-webm-vp8: 9c59270c3fd7afecdb556c50c9e8de78 -> 
  custom:audio-decoder-ogg-vorbis: bf7c407c2cedff20999df2af8eb42d56 -> 
========================================================================
Received Prepare
Registering precompiled user dll's ...
Registered in 0.004353 seconds.
Begin MonoManager ReloadAssembly
Native extension for WindowsStandalone target not found
Native extension for WebGL target not found
Refreshing native plugins compatible for Editor in 0.72 ms, found 3 plugins.
Preloading 0 native plugins for Editor in 0.00 ms.
[Package Manager] Server::EnsureServerProcessIsRunning -- launch failed, reason: Unity was launched with the -noUpm command-line argument
[Package Manager] Cannot connect to Unity Package Manager local server
Mono: successfully reloaded assembly
- Completed reload, in  1.601 seconds
Domain Reload Profiling:
	ReloadAssembly (1602ms)
		BeginReloadAssembly (133ms)
			ExecutionOrderSort (0ms)
			DisableScriptedObjects (6ms)
			BackupInstance (0ms)
			ReleaseScriptingObjects (0ms)
			CreateAndSetChildDomain (33ms)
		EndReloadAssembly (1375ms)
			LoadAssemblies (89ms)
			RebuildTransferFunctionScriptingTraits (0ms)
			SetupTypeCache (246ms)
			ReleaseScriptCaches (1ms)
			RebuildScriptCaches (48ms)
			SetupLoadedEditorAssemblies (947ms)
				LogAssemblyErrors (0ms)
				InitializePlatformSupportModulesInManaged (8ms)
				SetLoadedEditorAssemblies (1ms)
				RefreshPlugins (1ms)
				BeforeProcessingInitializeOnLoad (68ms)
				ProcessInitializeOnLoadAttributes (835ms)
				ProcessInitializeOnLoadMethodAttributes (28ms)
				AfterProcessingInitializeOnLoad (7ms)
				EditorAssembliesLoaded (0ms)
			ExecutionOrderSort2 (0ms)
			AwakeInstancesAfterBackupRestoration (9ms)
Platform modules already initialized, skipping
Refreshing native plugins compatible for Editor in 1.06 ms, found 3 plugins.
Preloading 0 native plugins for Editor in 0.00 ms.
Unloading 3107 Unused Serialized files (Serialized files now loaded: 0)
Unloading 18 unused Assets / (22.0 KB). Loaded Objects now: 3656.
Memory consumption went from 134.3 MB to 134.3 MB.
Total: 3.461700 ms (FindLiveObjects: 0.375200 ms CreateObjectMapping: 0.078200 ms MarkObjects: 2.967700 ms  DeleteObjects: 0.038900 ms)

AssetImportParameters requested are different than current active one (requested -> active):
  custom:video-decoder-ogg-theora: a1e56fd34408186e4bbccfd4996cb3dc -> 
  custom:container-muxer-webm: aa71ff27fc2769a1b78a27578f13a17b -> 
  custom:container-demuxer-webm: 4f35f7cbe854078d1ac9338744f61a02 -> 
  custom:video-encoder-webm-vp8: eb34c28f22e8b96e1ab97ce403110664 -> 
  custom:video-codec-MediaFoundation-h265: 746d11721c4dcdbdad8f713fa42b33f4 -> 
  custom:CustomObjectIndexerAttribute: bc11b3a6c3213fcdd17b65e7da85e133 -> 
  custom:audio-encoder-webm-vorbis: bf7c407c2cedff20999df2af8eb42d56 -> 
  custom:framework-win-MediaFoundation: 216162199b28c13a410421893ffa2e32 -> 
  custom:SearchIndexIgnoredProperties: e643bd26f0fe6173181afceb89e7c659 -> 
  custom:container-demuxer-ogg: 62fdf1f143b41e24485cea50d1cbac27 -> 
  custom:video-decoder-webm-vp8: 9c59270c3fd7afecdb556c50c9e8de78 -> 
  custom:audio-decoder-ogg-vorbis: bf7c407c2cedff20999df2af8eb42d56 -> 
========================================================================
Received Import Request.
  Time since last request: 1130.699930 seconds.
  path: Assets/Dark UI/Free/32.png
  artifactKey: Guid(dcdc43f7a0ad67b4ab3e3db38233dfae) Importer(815301076,1909f56bfc062723c751e8b465ee728b)
Number of updated assets reloaded before import = 0
Start importing Assets/Dark UI/Free/32.png using Guid(dcdc43f7a0ad67b4ab3e3db38233dfae) Importer(815301076,1909f56bfc062723c751e8b465ee728b)  -> (artifact id: '7675a382f9b6b238ca8da91d9d43d182') in 0.129435 seconds 
Number of asset objects unloaded after import = 3
========================================================================
Received Import Request.
  Time since last request: 0.000045 seconds.
  path: Assets/Dark UI/Free/BTN_A2.png
  artifactKey: Guid(0d6987b955d79574a92ef79c006ad418) Importer(815301076,1909f56bfc062723c751e8b465ee728b)
Number of updated assets reloaded before import = 0
Start importing Assets/Dark UI/Free/BTN_A2.png using Guid(0d6987b955d79574a92ef79c006ad418) Importer(815301076,1909f56bfc062723c751e8b465ee728b)  -> (artifact id: 'a55b8d103e03cf3589f803a65a655465') in 0.038182 seconds 
Number of asset objects unloaded after import = 3
========================================================================
Received Import Request.
  Time since last request: 0.000055 seconds.
  path: Assets/Dark UI/Free/CIRCLE2PXLAR.png
  artifactKey: Guid(a05d49e5687fd3c4380912ac00e2db9c) Importer(815301076,1909f56bfc062723c751e8b465ee728b)
Number of updated assets reloaded before import = 0
Start importing Assets/Dark UI/Free/CIRCLE2PXLAR.png using Guid(a05d49e5687fd3c4380912ac00e2db9c) Importer(815301076,1909f56bfc062723c751e8b465ee728b)  -> (artifact id: 'ca34c2388942394365761ea8aca56d43') in 0.035824 seconds 
Number of asset objects unloaded after import = 3
========================================================================
Received Import Request.
  Time since last request: 0.000024 seconds.
  path: Assets/Dark UI/Free/Bell.png
  artifactKey: Guid(f004d321f2825c44d929e3d0f5844b8c) Importer(815301076,1909f56bfc062723c751e8b465ee728b)
Number of updated assets reloaded before import = 0
Start importing Assets/Dark UI/Free/Bell.png using Guid(f004d321f2825c44d929e3d0f5844b8c) Importer(815301076,1909f56bfc062723c751e8b465ee728b)  -> (artifact id: 'a18716d88198fef8c57b50d2e5a8f6e1') in 0.032274 seconds 
Number of asset objects unloaded after import = 3
========================================================================
Received Import Request.
  Time since last request: 0.000047 seconds.
  path: Assets/Dark UI/Free/Button_Large_A.png
  artifactKey: Guid(fee7cb0981897184ca8e254670a1d84f) Importer(815301076,1909f56bfc062723c751e8b465ee728b)
Number of updated assets reloaded before import = 0
Start importing Assets/Dark UI/Free/Button_Large_A.png using Guid(fee7cb0981897184ca8e254670a1d84f) Importer(815301076,1909f56bfc062723c751e8b465ee728b)  -> (artifact id: '1f50efba458d5915ef9fd435fc05c2e2') in 0.041906 seconds 
Number of asset objects unloaded after import = 3
========================================================================
Received Import Request.
  Time since last request: 0.000027 seconds.
  path: Assets/Dark UI/Free/128 Light.png
  artifactKey: Guid(240ae01ad665c6d4798249cbec763ce8) Importer(815301076,1909f56bfc062723c751e8b465ee728b)
Number of updated assets reloaded before import = 0
Start importing Assets/Dark UI/Free/128 Light.png using Guid(240ae01ad665c6d4798249cbec763ce8) Importer(815301076,1909f56bfc062723c751e8b465ee728b)  -> (artifact id: '0499ce99f362ab5caab424e1f8387f6c') in 0.051274 seconds 
Number of asset objects unloaded after import = 3
========================================================================
Received Import Request.
  Time since last request: 0.000020 seconds.
  path: Assets/Dark UI/Free/Close BTN.png
  artifactKey: Guid(a11d716ada219fe4683e6147d610043e) Importer(815301076,1909f56bfc062723c751e8b465ee728b)
Number of updated assets reloaded before import = 0
Start importing Assets/Dark UI/Free/Close BTN.png using Guid(a11d716ada219fe4683e6147d610043e) Importer(815301076,1909f56bfc062723c751e8b465ee728b)  -> (artifact id: '09c675e9e2d9afbd4538dfe4fa335db0') in 0.030911 seconds 
Number of asset objects unloaded after import = 3
========================================================================
Received Import Request.
  Time since last request: 0.000020 seconds.
  path: Assets/Dark UI/Free/ButtonMediumRound.png
  artifactKey: Guid(9c3fb1e6eb7fc9745b3bba559360321f) Importer(815301076,1909f56bfc062723c751e8b465ee728b)
Number of updated assets reloaded before import = 0
Start importing Assets/Dark UI/Free/ButtonMediumRound.png using Guid(9c3fb1e6eb7fc9745b3bba559360321f) Importer(815301076,1909f56bfc062723c751e8b465ee728b)  -> (artifact id: 'd4d2a78bd68201cd280b0220ec23106b') in 0.035314 seconds 
Number of asset objects unloaded after import = 3
========================================================================
Received Import Request.
  Time since last request: 0.000024 seconds.
  path: Assets/Dark UI/Free/Down Arrow.png
  artifactKey: Guid(4fa7a2c5ad85feb4991c2ddc865d25c7) Importer(815301076,1909f56bfc062723c751e8b465ee728b)
Number of updated assets reloaded before import = 0
Start importing Assets/Dark UI/Free/Down Arrow.png using Guid(4fa7a2c5ad85feb4991c2ddc865d25c7) Importer(815301076,1909f56bfc062723c751e8b465ee728b)  -> (artifact id: '829c5556642b6c66df23867159f38f0f') in 0.033194 seconds 
Number of asset objects unloaded after import = 3
========================================================================
Received Import Request.
  Time since last request: 0.000029 seconds.
  path: Assets/Dark UI/Free/CIRCLE4PXLAR.png
  artifactKey: Guid(1d02c027313a6514a849aa45aed65be6) Importer(815301076,1909f56bfc062723c751e8b465ee728b)
Number of updated assets reloaded before import = 0
Start importing Assets/Dark UI/Free/CIRCLE4PXLAR.png using Guid(1d02c027313a6514a849aa45aed65be6) Importer(815301076,1909f56bfc062723c751e8b465ee728b)  -> (artifact id: '3efd0e0893eb3fbd5c4cb0fdaec5f1ee') in 0.031271 seconds 
Number of asset objects unloaded after import = 3
========================================================================
Received Import Request.
  Time since last request: 0.000031 seconds.
  path: Assets/Dark UI/Free/BTN_Line_4PX_Large.png
  artifactKey: Guid(c5c79f69909c16942b803f137f3ca0eb) Importer(815301076,1909f56bfc062723c751e8b465ee728b)
Number of updated assets reloaded before import = 0
Start importing Assets/Dark UI/Free/BTN_Line_4PX_Large.png using Guid(c5c79f69909c16942b803f137f3ca0eb) Importer(815301076,1909f56bfc062723c751e8b465ee728b)  -> (artifact id: '5cfdaa905563aedcbb3fdcd24088e6dd') in 0.032163 seconds 
Number of asset objects unloaded after import = 3
========================================================================
Received Import Request.
  Time since last request: 0.000053 seconds.
  path: Assets/Dark UI/Free/Gem.png
  artifactKey: Guid(4aa4dc909b586c14198e6883472062be) Importer(815301076,1909f56bfc062723c751e8b465ee728b)
Number of updated assets reloaded before import = 0
Start importing Assets/Dark UI/Free/Gem.png using Guid(4aa4dc909b586c14198e6883472062be) Importer(815301076,1909f56bfc062723c751e8b465ee728b)  -> (artifact id: '0d64ac043896091b8ec08bb77bf7b3f5') in 0.027620 seconds 
Number of asset objects unloaded after import = 3
========================================================================
Received Import Request.
  Time since last request: 0.000029 seconds.
  path: Assets/Dark UI/Free/A.png
  artifactKey: Guid(0f9aff9d1d5411d419a50a1f33efcf25) Importer(815301076,1909f56bfc062723c751e8b465ee728b)
Number of updated assets reloaded before import = 0
Start importing Assets/Dark UI/Free/A.png using Guid(0f9aff9d1d5411d419a50a1f33efcf25) Importer(815301076,1909f56bfc062723c751e8b465ee728b)  -> (artifact id: '669a1fd53f00663ea87229f9fbedb6ac') in 0.028471 seconds 
Number of asset objects unloaded after import = 3
========================================================================
Received Import Request.
  Time since last request: 0.000106 seconds.
  path: Assets/Dark UI/Free/64 Light.png
  artifactKey: Guid(1bf101c8c2b8aab4484cd2ff08be047b) Importer(815301076,1909f56bfc062723c751e8b465ee728b)
Number of updated assets reloaded before import = 0
Start importing Assets/Dark UI/Free/64 Light.png using Guid(1bf101c8c2b8aab4484cd2ff08be047b) Importer(815301076,1909f56bfc062723c751e8b465ee728b)  -> (artifact id: 'b6702156bd09aab38019ec99638b089a') in 0.033875 seconds 
Number of asset objects unloaded after import = 3
========================================================================
Received Import Request.
  Time since last request: 0.000028 seconds.
  path: Assets/Dark UI/Free/Facebook 2.png
  artifactKey: Guid(741fdffd863c9784990792a90548e1f2) Importer(815301076,1909f56bfc062723c751e8b465ee728b)
Number of updated assets reloaded before import = 0
Start importing Assets/Dark UI/Free/Facebook 2.png using Guid(741fdffd863c9784990792a90548e1f2) Importer(815301076,1909f56bfc062723c751e8b465ee728b)  -> (artifact id: 'bc7aa7a30d58a48cef19e14540f86ea3') in 0.026448 seconds 
Number of asset objects unloaded after import = 3
========================================================================
Received Import Request.
  Time since last request: 0.000025 seconds.
  path: Assets/Dark UI/Free/CIRCLE2PXSMALL.png
  artifactKey: Guid(9e64140fa412af443b31a21fedffc096) Importer(815301076,1909f56bfc062723c751e8b465ee728b)
Number of updated assets reloaded before import = 0
Start importing Assets/Dark UI/Free/CIRCLE2PXSMALL.png using Guid(9e64140fa412af443b31a21fedffc096) Importer(815301076,1909f56bfc062723c751e8b465ee728b)  -> (artifact id: 'd1524633857c86fde7e056ae02893482') in 0.027477 seconds 
Number of asset objects unloaded after import = 3
========================================================================
Received Import Request.
  Time since last request: 0.000045 seconds.
  path: Assets/Dark UI/Free/Facebook.png
  artifactKey: Guid(b12df616c3582fd4faba65f7fac51968) Importer(815301076,1909f56bfc062723c751e8b465ee728b)
Number of updated assets reloaded before import = 0
Start importing Assets/Dark UI/Free/Facebook.png using Guid(b12df616c3582fd4faba65f7fac51968) Importer(815301076,1909f56bfc062723c751e8b465ee728b)  -> (artifact id: '0bd238fded189b154c50a575e09154df') in 0.028874 seconds 
Number of asset objects unloaded after import = 3
========================================================================
Received Import Request.
  Time since last request: 0.000040 seconds.
  path: Assets/Dark UI/Free/128.png
  artifactKey: Guid(87ea2079a91b3e74f84b5cb700abb4d6) Importer(815301076,1909f56bfc062723c751e8b465ee728b)
Number of updated assets reloaded before import = 0
Start importing Assets/Dark UI/Free/128.png using Guid(87ea2079a91b3e74f84b5cb700abb4d6) Importer(815301076,1909f56bfc062723c751e8b465ee728b)  -> (artifact id: 'a8ac8487b5001d188e75d3841d4f432d') in 0.037352 seconds 
Number of asset objects unloaded after import = 3
========================================================================
Received Import Request.
  Time since last request: 0.000051 seconds.
  path: Assets/Dark UI/Free/ButtonSmallRound.png
  artifactKey: Guid(04c64e19d8f8f0140837c8a6b21c358d) Importer(815301076,1909f56bfc062723c751e8b465ee728b)
Number of updated assets reloaded before import = 0
Start importing Assets/Dark UI/Free/ButtonSmallRound.png using Guid(04c64e19d8f8f0140837c8a6b21c358d) Importer(815301076,1909f56bfc062723c751e8b465ee728b)  -> (artifact id: '1476daa82b17efd98f926df1bd63718a') in 0.029300 seconds 
Number of asset objects unloaded after import = 3
========================================================================
Received Import Request.
  Time since last request: 0.000049 seconds.
  path: Assets/Dark UI/Free/B.png
  artifactKey: Guid(0800cc9d4da0323489f4d25c65194aa5) Importer(815301076,1909f56bfc062723c751e8b465ee728b)
Number of updated assets reloaded before import = 0
Start importing Assets/Dark UI/Free/B.png using Guid(0800cc9d4da0323489f4d25c65194aa5) Importer(815301076,1909f56bfc062723c751e8b465ee728b)  -> (artifact id: '865a3178a4436eb477f6515062140f4a') in 0.029431 seconds 
Number of asset objects unloaded after import = 3
========================================================================
Received Import Request.
  Time since last request: 0.000032 seconds.
  path: Assets/Dark UI/Free/Heart.png
  artifactKey: Guid(cfad8ef0b5f68ac46bd02b3156b377a4) Importer(815301076,1909f56bfc062723c751e8b465ee728b)
Number of updated assets reloaded before import = 0
Start importing Assets/Dark UI/Free/Heart.png using Guid(cfad8ef0b5f68ac46bd02b3156b377a4) Importer(815301076,1909f56bfc062723c751e8b465ee728b)  -> (artifact id: '25d552eb6e3633ef921499ec676f59a6') in 0.028007 seconds 
Number of asset objects unloaded after import = 3
========================================================================
Received Import Request.
  Time since last request: 0.000018 seconds.
  path: Assets/Dark UI/Free/32 Light 2.png
  artifactKey: Guid(9c22439f7b2eadb41b70e5385d667660) Importer(815301076,1909f56bfc062723c751e8b465ee728b)
Number of updated assets reloaded before import = 0
Start importing Assets/Dark UI/Free/32 Light 2.png using Guid(9c22439f7b2eadb41b70e5385d667660) Importer(815301076,1909f56bfc062723c751e8b465ee728b)  -> (artifact id: '14f4b5c53fe6cf05ac9dffac69e4a64d') in 0.037603 seconds 
Number of asset objects unloaded after import = 3
========================================================================
Received Import Request.
  Time since last request: 0.000071 seconds.
  path: Assets/Dark UI/Free/CIRCLE4PXSMA.png
  artifactKey: Guid(572955b2fc805584aaa343215e806606) Importer(815301076,1909f56bfc062723c751e8b465ee728b)
Number of updated assets reloaded before import = 0
Start importing Assets/Dark UI/Free/CIRCLE4PXSMA.png using Guid(572955b2fc805584aaa343215e806606) Importer(815301076,1909f56bfc062723c751e8b465ee728b)  -> (artifact id: 'f4a30db323901982346998e0c993739b') in 0.029885 seconds 
Number of asset objects unloaded after import = 3
========================================================================
Received Import Request.
  Time since last request: 11.117484 seconds.
  path: Assets/Dark UI/Free/Info.png
  artifactKey: Guid(c0d66557e6e886446b2af17220906a63) Importer(815301076,1909f56bfc062723c751e8b465ee728b)
Number of updated assets reloaded before import = 0
Start importing Assets/Dark UI/Free/Info.png using Guid(c0d66557e6e886446b2af17220906a63) Importer(815301076,1909f56bfc062723c751e8b465ee728b)  -> (artifact id: '72a0fb439f1ac174a3e3b98b2c1f5a2a') in 0.039630 seconds 
Number of asset objects unloaded after import = 3
========================================================================
Received Import Request.
  Time since last request: 0.000021 seconds.
  path: Assets/Dark UI/Free/Music.png
  artifactKey: Guid(f5f3ad8f35c709e4dabc990b16fd52e9) Importer(815301076,1909f56bfc062723c751e8b465ee728b)
Number of updated assets reloaded before import = 0
Start importing Assets/Dark UI/Free/Music.png using Guid(f5f3ad8f35c709e4dabc990b16fd52e9) Importer(815301076,1909f56bfc062723c751e8b465ee728b)  -> (artifact id: 'fbed605b831988c56bb90934d9c724ed') in 0.035440 seconds 
Number of asset objects unloaded after import = 3
========================================================================
Received Import Request.
  Time since last request: 0.000032 seconds.
  path: Assets/Dark UI/Free/Left BTN.png
  artifactKey: Guid(2f5621ced47967649819ed28fc802c35) Importer(815301076,1909f56bfc062723c751e8b465ee728b)
Number of updated assets reloaded before import = 0
Start importing Assets/Dark UI/Free/Left BTN.png using Guid(2f5621ced47967649819ed28fc802c35) Importer(815301076,1909f56bfc062723c751e8b465ee728b)  -> (artifact id: '371f887e7a64d8f2c3f0a102c14ec9c4') in 0.031495 seconds 
Number of asset objects unloaded after import = 3
========================================================================
Received Import Request.
  Time since last request: 0.000025 seconds.
  path: Assets/Dark UI/Free/Sound.png
  artifactKey: Guid(a0993af277162934b9f02610f6f941f2) Importer(815301076,1909f56bfc062723c751e8b465ee728b)
Number of updated assets reloaded before import = 0
Start importing Assets/Dark UI/Free/Sound.png using Guid(a0993af277162934b9f02610f6f941f2) Importer(815301076,1909f56bfc062723c751e8b465ee728b)  -> (artifact id: 'a0049f6a2c833d83992457ecef40113f') in 0.033721 seconds 
Number of asset objects unloaded after import = 3
========================================================================
Received Import Request.
  Time since last request: 0.000048 seconds.
  path: Assets/Dark UI/Free/Settings.png
  artifactKey: Guid(751a7b6d15a328547a14075f8adb0bb0) Importer(815301076,1909f56bfc062723c751e8b465ee728b)
Number of updated assets reloaded before import = 0
Start importing Assets/Dark UI/Free/Settings.png using Guid(751a7b6d15a328547a14075f8adb0bb0) Importer(815301076,1909f56bfc062723c751e8b465ee728b)  -> (artifact id: 'c99b3947cba991b3bde65cea5eaf1c87') in 0.027016 seconds 
Number of asset objects unloaded after import = 3
========================================================================
Received Import Request.
  Time since last request: 0.000059 seconds.
  path: Assets/Dark UI/Free/Messages.png
  artifactKey: Guid(dd8c6245ee19b2345ba3c0ce722a32c0) Importer(815301076,1909f56bfc062723c751e8b465ee728b)
Number of updated assets reloaded before import = 0
Start importing Assets/Dark UI/Free/Messages.png using Guid(dd8c6245ee19b2345ba3c0ce722a32c0) Importer(815301076,1909f56bfc062723c751e8b465ee728b)  -> (artifact id: 'f409fa5b6b42d51c05f05730b3f253f2') in 0.032250 seconds 
Number of asset objects unloaded after import = 3
========================================================================
Received Import Request.
  Time since last request: 0.000021 seconds.
  path: Assets/Dark UI/Free/Left Arrow.png
  artifactKey: Guid(210e6a7b28c57aa4e9408866e861895c) Importer(815301076,1909f56bfc062723c751e8b465ee728b)
Number of updated assets reloaded before import = 0
Start importing Assets/Dark UI/Free/Left Arrow.png using Guid(210e6a7b28c57aa4e9408866e861895c) Importer(815301076,1909f56bfc062723c751e8b465ee728b)  -> (artifact id: 'c6f8643faa983df0cbcf68c15efcc575') in 0.026779 seconds 
Number of asset objects unloaded after import = 3
========================================================================
Received Import Request.
  Time since last request: 113.236063 seconds.
  path: Assets/Dark UI/New Icons/White Unlock.png
  artifactKey: Guid(8d21621d9ae215946a3c2ec6a868580d) Importer(815301076,1909f56bfc062723c751e8b465ee728b)
Number of updated assets reloaded before import = 0
Start importing Assets/Dark UI/New Icons/White Unlock.png using Guid(8d21621d9ae215946a3c2ec6a868580d) Importer(815301076,1909f56bfc062723c751e8b465ee728b)  -> (artifact id: '796fdb6b33be4ce81104f55f96f7ea36') in 0.058569 seconds 
Number of asset objects unloaded after import = 3
========================================================================
Received Import Request.
  Time since last request: 0.000031 seconds.
  path: Assets/Dark UI/New Icons/White Witch Hat.png
  artifactKey: Guid(31caf4d1eeee1a14fa0241c13fd335e0) Importer(815301076,1909f56bfc062723c751e8b465ee728b)
Number of updated assets reloaded before import = 0
Start importing Assets/Dark UI/New Icons/White Witch Hat.png using Guid(31caf4d1eeee1a14fa0241c13fd335e0) Importer(815301076,1909f56bfc062723c751e8b465ee728b)  -> (artifact id: 'ce5e101ec5d0e8cdc027bb739a5b096e') in 0.042201 seconds 
Number of asset objects unloaded after import = 3
========================================================================
Received Import Request.
  Time since last request: 0.000044 seconds.
  path: Assets/Dark UI/New Icons/White Video.png
  artifactKey: Guid(53bdab2aa77a9164193b20a9c19d5775) Importer(815301076,1909f56bfc062723c751e8b465ee728b)
Number of updated assets reloaded before import = 0
Start importing Assets/Dark UI/New Icons/White Video.png using Guid(53bdab2aa77a9164193b20a9c19d5775) Importer(815301076,1909f56bfc062723c751e8b465ee728b)  -> (artifact id: '64b4421dcb9d0599664e0ba08f959361') in 0.055236 seconds 
Number of asset objects unloaded after import = 3
========================================================================
Received Import Request.
  Time since last request: 0.000048 seconds.
  path: Assets/Dark UI/Free/World.png
  artifactKey: Guid(cb0be92a1645a7c48a26aa4a8ebdb7d8) Importer(815301076,1909f56bfc062723c751e8b465ee728b)
Number of updated assets reloaded before import = 0
Start importing Assets/Dark UI/Free/World.png using Guid(cb0be92a1645a7c48a26aa4a8ebdb7d8) Importer(815301076,1909f56bfc062723c751e8b465ee728b)  -> (artifact id: '03602e05ea8972217ca340396d989270') in 0.028643 seconds 
Number of asset objects unloaded after import = 3
========================================================================
Received Import Request.
  Time since last request: 0.000018 seconds.
  path: Assets/Dark UI/New Icons/White Wand 2.png
  artifactKey: Guid(4f750aed725dbab45a8fd4c00af41df0) Importer(815301076,1909f56bfc062723c751e8b465ee728b)
Number of updated assets reloaded before import = 0
Start importing Assets/Dark UI/New Icons/White Wand 2.png using Guid(4f750aed725dbab45a8fd4c00af41df0) Importer(815301076,1909f56bfc062723c751e8b465ee728b)  -> (artifact id: '28b8c3eb5bcb9a9b5b6fe324f385b0af') in 0.037478 seconds 
Number of asset objects unloaded after import = 3
========================================================================
Received Import Request.
  Time since last request: 0.000018 seconds.
  path: Assets/Dark UI/Free/X.png
  artifactKey: Guid(af19b810ad81d8741ba1583f72a9d93c) Importer(815301076,1909f56bfc062723c751e8b465ee728b)
Number of updated assets reloaded before import = 0
Start importing Assets/Dark UI/Free/X.png using Guid(af19b810ad81d8741ba1583f72a9d93c) Importer(815301076,1909f56bfc062723c751e8b465ee728b)  -> (artifact id: '92b57f2a77f91881eea87ca5f8e5053a') in 0.028585 seconds 
Number of asset objects unloaded after import = 3
========================================================================
Received Import Request.
  Time since last request: 0.000043 seconds.
  path: Assets/Dark UI/New Icons/White Wheel.png
  artifactKey: Guid(ce9f6c745bf1a554ca9586a7a2cb01ec) Importer(815301076,1909f56bfc062723c751e8b465ee728b)
Number of updated assets reloaded before import = 0
Start importing Assets/Dark UI/New Icons/White Wheel.png using Guid(ce9f6c745bf1a554ca9586a7a2cb01ec) Importer(815301076,1909f56bfc062723c751e8b465ee728b)  -> (artifact id: '153602db6a1cc3820f8dddfd26535eba') in 0.033864 seconds 
Number of asset objects unloaded after import = 3
========================================================================
Received Import Request.
  Time since last request: 0.000045 seconds.
  path: Assets/Dark UI/New Icons/White Wrench.png
  artifactKey: Guid(1333badfea706264bad28da964e37890) Importer(815301076,1909f56bfc062723c751e8b465ee728b)
Number of updated assets reloaded before import = 0
Start importing Assets/Dark UI/New Icons/White Wrench.png using Guid(1333badfea706264bad28da964e37890) Importer(815301076,1909f56bfc062723c751e8b465ee728b)  -> (artifact id: '68159a2b8829550843f34c1aa8f622a3') in 0.037162 seconds 
Number of asset objects unloaded after import = 3
========================================================================
Received Import Request.
  Time since last request: 0.000023 seconds.
  path: Assets/Dark UI/New Icons/White Warning 2.png
  artifactKey: Guid(0774bcb7613f85e4b8fcdbd60eff9319) Importer(815301076,1909f56bfc062723c751e8b465ee728b)
Number of updated assets reloaded before import = 0
Start importing Assets/Dark UI/New Icons/White Warning 2.png using Guid(0774bcb7613f85e4b8fcdbd60eff9319) Importer(815301076,1909f56bfc062723c751e8b465ee728b)  -> (artifact id: 'ab85df26354bf4217a650b432ea5416c') in 0.039950 seconds 
Number of asset objects unloaded after import = 3
========================================================================
Received Import Request.
  Time since last request: 0.000032 seconds.
  path: Assets/Dark UI/New Icons/White Wand.png
  artifactKey: Guid(0c5b560dccdbdd3428e3d3cadfd3bbf7) Importer(815301076,1909f56bfc062723c751e8b465ee728b)
Number of updated assets reloaded before import = 0
Start importing Assets/Dark UI/New Icons/White Wand.png using Guid(0c5b560dccdbdd3428e3d3cadfd3bbf7) Importer(815301076,1909f56bfc062723c751e8b465ee728b)  -> (artifact id: '9c9f58a153618c24287cbb0a29bcd8ba') in 0.035839 seconds 
Number of asset objects unloaded after import = 3
========================================================================
Received Import Request.
  Time since last request: 0.000073 seconds.
  path: Assets/Dark UI/New Icons/White YingYang.png
  artifactKey: Guid(414496487c09c124c8c4a69594c0a017) Importer(815301076,1909f56bfc062723c751e8b465ee728b)
Number of updated assets reloaded before import = 0
Start importing Assets/Dark UI/New Icons/White YingYang.png using Guid(414496487c09c124c8c4a69594c0a017) Importer(815301076,1909f56bfc062723c751e8b465ee728b)  -> (artifact id: '31dc8b9eeb145a5292ab21610579281e') in 0.040649 seconds 
Number of asset objects unloaded after import = 3
========================================================================
Received Import Request.
  Time since last request: 0.000019 seconds.
  path: Assets/Dark UI/New Icons/White Warning.png
  artifactKey: Guid(4c73403134d9eb3458d9c495a33c2c13) Importer(815301076,1909f56bfc062723c751e8b465ee728b)
Number of updated assets reloaded before import = 0
Start importing Assets/Dark UI/New Icons/White Warning.png using Guid(4c73403134d9eb3458d9c495a33c2c13) Importer(815301076,1909f56bfc062723c751e8b465ee728b)  -> (artifact id: 'deb905fb921b4da7709f0f60c0b175ec') in 0.041486 seconds 
Number of asset objects unloaded after import = 3
========================================================================
Received Import Request.
  Time since last request: 0.254680 seconds.
  path: Assets/Dark UI/New Icons/White Ticket 2.png
  artifactKey: Guid(46a1e48473feb5d469a09014dbdcd77c) Importer(815301076,1909f56bfc062723c751e8b465ee728b)
Number of updated assets reloaded before import = 0
Start importing Assets/Dark UI/New Icons/White Ticket 2.png using Guid(46a1e48473feb5d469a09014dbdcd77c) Importer(815301076,1909f56bfc062723c751e8b465ee728b)  -> (artifact id: 'aa98eb417eca1a7d833e9e44d61c0109') in 0.034488 seconds 
Number of asset objects unloaded after import = 3
========================================================================
Received Import Request.
  Time since last request: 0.000023 seconds.
  path: Assets/Dark UI/New Icons/White Tornado.png
  artifactKey: Guid(c7ddcfbcb01d2f44192f5593ea5f5c5f) Importer(815301076,1909f56bfc062723c751e8b465ee728b)
Number of updated assets reloaded before import = 0
Start importing Assets/Dark UI/New Icons/White Tornado.png using Guid(c7ddcfbcb01d2f44192f5593ea5f5c5f) Importer(815301076,1909f56bfc062723c751e8b465ee728b)  -> (artifact id: '6f421f7ae6a872b52ed1ce62051e6e44') in 0.043548 seconds 
Number of asset objects unloaded after import = 3
========================================================================
Received Import Request.
  Time since last request: 0.000024 seconds.
  path: Assets/Dark UI/New Icons/White Ticket 1.png
  artifactKey: Guid(c8a8d1a5f0a8d6546979bb778ce96875) Importer(815301076,1909f56bfc062723c751e8b465ee728b)
Number of updated assets reloaded before import = 0
Start importing Assets/Dark UI/New Icons/White Ticket 1.png using Guid(c8a8d1a5f0a8d6546979bb778ce96875) Importer(815301076,1909f56bfc062723c751e8b465ee728b)  -> (artifact id: '25af8b6ca21e29edb96fceb090a75b84') in 0.035730 seconds 
Number of asset objects unloaded after import = 3
========================================================================
Received Import Request.
  Time since last request: 0.000043 seconds.
  path: Assets/Dark UI/New Icons/White Television.png
  artifactKey: Guid(81b63570c39519e40b1ae8344942546b) Importer(815301076,1909f56bfc062723c751e8b465ee728b)
Number of updated assets reloaded before import = 0
Start importing Assets/Dark UI/New Icons/White Television.png using Guid(81b63570c39519e40b1ae8344942546b) Importer(815301076,1909f56bfc062723c751e8b465ee728b)  -> (artifact id: 'ad505effba91ea25b63a8279575441c0') in 0.038359 seconds 
Number of asset objects unloaded after import = 3
========================================================================
Received Import Request.
  Time since last request: 0.000048 seconds.
  path: Assets/Dark UI/New Icons/White Thumb Down.png
  artifactKey: Guid(a28c8fda7a2aa6e409474cc47416ee04) Importer(815301076,1909f56bfc062723c751e8b465ee728b)
Number of updated assets reloaded before import = 0
Start importing Assets/Dark UI/New Icons/White Thumb Down.png using Guid(a28c8fda7a2aa6e409474cc47416ee04) Importer(815301076,1909f56bfc062723c751e8b465ee728b)  -> (artifact id: '5ec8df2e6bc9609dff8bd75b326934b4') in 0.040872 seconds 
Number of asset objects unloaded after import = 3
========================================================================
Received Import Request.
  Time since last request: 0.000027 seconds.
  path: Assets/Dark UI/New Icons/White Target 2.png
  artifactKey: Guid(6c899d4b78ffb9147be6d932c03ccadc) Importer(815301076,1909f56bfc062723c751e8b465ee728b)
Number of updated assets reloaded before import = 0
Start importing Assets/Dark UI/New Icons/White Target 2.png using Guid(6c899d4b78ffb9147be6d932c03ccadc) Importer(815301076,1909f56bfc062723c751e8b465ee728b)  -> (artifact id: '72cac2c3ecd245b79015e7c1d0fbae63') in 0.036980 seconds 
Number of asset objects unloaded after import = 3
========================================================================
Received Import Request.
  Time since last request: 0.000018 seconds.
  path: Assets/Dark UI/New Icons/White Trash Can.png
  artifactKey: Guid(f24ffe951cc9dc740886f725bd5f12bb) Importer(815301076,1909f56bfc062723c751e8b465ee728b)
Number of updated assets reloaded before import = 0
Start importing Assets/Dark UI/New Icons/White Trash Can.png using Guid(f24ffe951cc9dc740886f725bd5f12bb) Importer(815301076,1909f56bfc062723c751e8b465ee728b)  -> (artifact id: '335a70eb99f9072ffce7fe0df73d1b61') in 0.034894 seconds 
Number of asset objects unloaded after import = 3
========================================================================
Received Import Request.
  Time since last request: 0.000038 seconds.
  path: Assets/Dark UI/New Icons/White ThumbUp.png
  artifactKey: Guid(411d27a3e567bfd45a0459692ff62892) Importer(815301076,1909f56bfc062723c751e8b465ee728b)
Number of updated assets reloaded before import = 0
Start importing Assets/Dark UI/New Icons/White ThumbUp.png using Guid(411d27a3e567bfd45a0459692ff62892) Importer(815301076,1909f56bfc062723c751e8b465ee728b)  -> (artifact id: '8a65990c3d61e95d512ec7e1da734b2a') in 0.033668 seconds 
Number of asset objects unloaded after import = 3
========================================================================
Received Import Request.
  Time since last request: 0.000042 seconds.
  path: Assets/Dark UI/New Icons/White Timer.png
  artifactKey: Guid(726126ff63d8cd04c88b9ff362aad086) Importer(815301076,1909f56bfc062723c751e8b465ee728b)
Number of updated assets reloaded before import = 0
Start importing Assets/Dark UI/New Icons/White Timer.png using Guid(726126ff63d8cd04c88b9ff362aad086) Importer(815301076,1909f56bfc062723c751e8b465ee728b)  -> (artifact id: 'a8731a7a6805e1fde08982c1ac30654c') in 0.035862 seconds 
Number of asset objects unloaded after import = 3
========================================================================
Received Import Request.
  Time since last request: 0.376738 seconds.
  path: Assets/Dark UI/New Icons/White Symbol 13.png
  artifactKey: Guid(6cde8689f79daef4ca1d73b91a7c2e83) Importer(815301076,1909f56bfc062723c751e8b465ee728b)
Number of updated assets reloaded before import = 0
Start importing Assets/Dark UI/New Icons/White Symbol 13.png using Guid(6cde8689f79daef4ca1d73b91a7c2e83) Importer(815301076,1909f56bfc062723c751e8b465ee728b)  -> (artifact id: '4510a6d931b6a2241551e0889189104e') in 0.033379 seconds 
Number of asset objects unloaded after import = 3
========================================================================
Received Import Request.
  Time since last request: 0.000023 seconds.
  path: Assets/Dark UI/New Icons/White Symbol 16.png
  artifactKey: Guid(66da243c423dc5a43b6a0c8bc5ecd121) Importer(815301076,1909f56bfc062723c751e8b465ee728b)
Number of updated assets reloaded before import = 0
Start importing Assets/Dark UI/New Icons/White Symbol 16.png using Guid(66da243c423dc5a43b6a0c8bc5ecd121) Importer(815301076,1909f56bfc062723c751e8b465ee728b)  -> (artifact id: '73decd3213362f19d4a38adbd1f88da3') in 0.042029 seconds 
Number of asset objects unloaded after import = 3
========================================================================
Received Import Request.
  Time since last request: 0.000032 seconds.
  path: Assets/Dark UI/New Icons/White Symbol 17.png
  artifactKey: Guid(4107fa49394e8bf4883b5ce2631d726a) Importer(815301076,1909f56bfc062723c751e8b465ee728b)
Number of updated assets reloaded before import = 0
Start importing Assets/Dark UI/New Icons/White Symbol 17.png using Guid(4107fa49394e8bf4883b5ce2631d726a) Importer(815301076,1909f56bfc062723c751e8b465ee728b)  -> (artifact id: 'fbd1ca3ef03c658acf542d6c1da6a538') in 0.039135 seconds 
Number of asset objects unloaded after import = 3
========================================================================
Received Import Request.
  Time since last request: 0.000035 seconds.
  path: Assets/Dark UI/New Icons/White Symbol 19.png
  artifactKey: Guid(42d324cf88b799a49b30d25353398f7a) Importer(815301076,1909f56bfc062723c751e8b465ee728b)
Number of updated assets reloaded before import = 0
Start importing Assets/Dark UI/New Icons/White Symbol 19.png using Guid(42d324cf88b799a49b30d25353398f7a) Importer(815301076,1909f56bfc062723c751e8b465ee728b)  -> (artifact id: '3859c9606d886d24a8c8f8b817c25aaa') in 0.035747 seconds 
Number of asset objects unloaded after import = 3
========================================================================
Received Import Request.
  Time since last request: 0.239157 seconds.
  path: Assets/Dark UI/New Icons/White Symbol 4.png
  artifactKey: Guid(229c08d16be113f47bfa26671bb46545) Importer(815301076,1909f56bfc062723c751e8b465ee728b)
Number of updated assets reloaded before import = 0
Start importing Assets/Dark UI/New Icons/White Symbol 4.png using Guid(229c08d16be113f47bfa26671bb46545) Importer(815301076,1909f56bfc062723c751e8b465ee728b)  -> (artifact id: 'fb1efb96808f210001afb2aca86cfeff') in 0.039418 seconds 
Number of asset objects unloaded after import = 3
========================================================================
Received Import Request.
  Time since last request: 0.000021 seconds.
  path: Assets/Dark UI/New Icons/White Symbol 6.png
  artifactKey: Guid(4a0d37bf4a6336e46a00fa4f7f01ccf0) Importer(815301076,1909f56bfc062723c751e8b465ee728b)
Number of updated assets reloaded before import = 0
Start importing Assets/Dark UI/New Icons/White Symbol 6.png using Guid(4a0d37bf4a6336e46a00fa4f7f01ccf0) Importer(815301076,1909f56bfc062723c751e8b465ee728b)  -> (artifact id: '5fc37004602533237029f44531d1c859') in 0.038210 seconds 
Number of asset objects unloaded after import = 3
========================================================================
Received Import Request.
  Time since last request: 0.000025 seconds.
  path: Assets/Dark UI/New Icons/White Symbol 12.png
  artifactKey: Guid(8b966e6a0f0c58a4895972f2da2eb54b) Importer(815301076,1909f56bfc062723c751e8b465ee728b)
Number of updated assets reloaded before import = 0
Start importing Assets/Dark UI/New Icons/White Symbol 12.png using Guid(8b966e6a0f0c58a4895972f2da2eb54b) Importer(815301076,1909f56bfc062723c751e8b465ee728b)  -> (artifact id: 'eccc614901b3edd69855a3193efee166') in 0.038207 seconds 
Number of asset objects unloaded after import = 3
========================================================================
Received Import Request.
  Time since last request: 0.000052 seconds.
  path: Assets/Dark UI/New Icons/White Symbol 10.png
  artifactKey: Guid(5a189062964e1c4428b9ba1721e40f19) Importer(815301076,1909f56bfc062723c751e8b465ee728b)
Number of updated assets reloaded before import = 0
Start importing Assets/Dark UI/New Icons/White Symbol 10.png using Guid(5a189062964e1c4428b9ba1721e40f19) Importer(815301076,1909f56bfc062723c751e8b465ee728b)  -> (artifact id: '43e080f06c3cdc5555e4ac13b25f279c') in 0.034023 seconds 
Number of asset objects unloaded after import = 3
========================================================================
Received Import Request.
  Time since last request: 0.339503 seconds.
  path: Assets/Dark UI/New Icons/White Stop.png
  artifactKey: Guid(4f90b440147d07c45b221ca084b4aad7) Importer(815301076,1909f56bfc062723c751e8b465ee728b)
Number of updated assets reloaded before import = 0
Start importing Assets/Dark UI/New Icons/White Stop.png using Guid(4f90b440147d07c45b221ca084b4aad7) Importer(815301076,1909f56bfc062723c751e8b465ee728b)  -> (artifact id: 'e3089c87e5a5f97c5d13dadc8803e8cd') in 0.039723 seconds 
Number of asset objects unloaded after import = 3
========================================================================
Received Import Request.
  Time since last request: 0.000027 seconds.
  path: Assets/Dark UI/New Icons/White Symbol 1.png
  artifactKey: Guid(34c4a9cc9e76a5745b43407c7a3675c8) Importer(815301076,1909f56bfc062723c751e8b465ee728b)
Number of updated assets reloaded before import = 0
Start importing Assets/Dark UI/New Icons/White Symbol 1.png using Guid(34c4a9cc9e76a5745b43407c7a3675c8) Importer(815301076,1909f56bfc062723c751e8b465ee728b)  -> (artifact id: '7ae6e653d309da8b6711a267c0724a9c') in 0.035325 seconds 
Number of asset objects unloaded after import = 3
========================================================================
Received Import Request.
  Time since last request: 0.000019 seconds.
  path: Assets/Dark UI/New Icons/White Sun.png
  artifactKey: Guid(6a17271386cc9124eaead6cccf08347b) Importer(815301076,1909f56bfc062723c751e8b465ee728b)
Number of updated assets reloaded before import = 0
Start importing Assets/Dark UI/New Icons/White Sun.png using Guid(6a17271386cc9124eaead6cccf08347b) Importer(815301076,1909f56bfc062723c751e8b465ee728b)  -> (artifact id: '12d633cea1ee0540e7e38157cfa66656') in 0.037724 seconds 
Number of asset objects unloaded after import = 3
========================================================================
Received Import Request.
  Time since last request: 0.000020 seconds.
  path: Assets/Dark UI/New Icons/White Strength Up.png
  artifactKey: Guid(395fe610317dbca4e9b7f2cd4c50a82d) Importer(815301076,1909f56bfc062723c751e8b465ee728b)
Number of updated assets reloaded before import = 0
Start importing Assets/Dark UI/New Icons/White Strength Up.png using Guid(395fe610317dbca4e9b7f2cd4c50a82d) Importer(815301076,1909f56bfc062723c751e8b465ee728b)  -> (artifact id: '36345010b3ed9bf62df65aaa3304dc2c') in 0.033150 seconds 
Number of asset objects unloaded after import = 3
========================================================================
Received Import Request.
  Time since last request: 0.026981 seconds.
  path: Assets/Dark UI/New Icons/White Sound Icom.png
  artifactKey: Guid(2896697aee29fec4eae8809b364feeb0) Importer(815301076,1909f56bfc062723c751e8b465ee728b)
Number of updated assets reloaded before import = 0
Start importing Assets/Dark UI/New Icons/White Sound Icom.png using Guid(2896697aee29fec4eae8809b364feeb0) Importer(815301076,1909f56bfc062723c751e8b465ee728b)  -> (artifact id: '4cc4b8b2c84af03078dc94b4060e80f2') in 0.035459 seconds 
Number of asset objects unloaded after import = 3
========================================================================
Received Import Request.
  Time since last request: 0.000031 seconds.
  path: Assets/Dark UI/New Icons/White Star Hollow.png
  artifactKey: Guid(ae66b3efeee4f39428cfdcfa0699c733) Importer(815301076,1909f56bfc062723c751e8b465ee728b)
Number of updated assets reloaded before import = 0
Start importing Assets/Dark UI/New Icons/White Star Hollow.png using Guid(ae66b3efeee4f39428cfdcfa0699c733) Importer(815301076,1909f56bfc062723c751e8b465ee728b)  -> (artifact id: '731fef90dd35312187c06e1c7effba37') in 0.040977 seconds 
Number of asset objects unloaded after import = 3
========================================================================
Received Import Request.
  Time since last request: 0.000021 seconds.
  path: Assets/Dark UI/New Icons/White Sound Off.png
  artifactKey: Guid(0bdf73acc8139174494a96cd50f61ec2) Importer(815301076,1909f56bfc062723c751e8b465ee728b)
Number of updated assets reloaded before import = 0
Start importing Assets/Dark UI/New Icons/White Sound Off.png using Guid(0bdf73acc8139174494a96cd50f61ec2) Importer(815301076,1909f56bfc062723c751e8b465ee728b)  -> (artifact id: 'd6570e48ad111618124a4f310d0eda67') in 0.034121 seconds 
Number of asset objects unloaded after import = 3
========================================================================
Received Import Request.
  Time since last request: 0.000023 seconds.
  path: Assets/Dark UI/New Icons/White Speed Boost.png
  artifactKey: Guid(76d890b0d68a3b74a9a373c651c9f6d9) Importer(815301076,1909f56bfc062723c751e8b465ee728b)
Number of updated assets reloaded before import = 0
Start importing Assets/Dark UI/New Icons/White Speed Boost.png using Guid(76d890b0d68a3b74a9a373c651c9f6d9) Importer(815301076,1909f56bfc062723c751e8b465ee728b)  -> (artifact id: '11a687c7d89f080c030937a56632320b') in 0.039764 seconds 
Number of asset objects unloaded after import = 3
========================================================================
Received Import Request.
  Time since last request: 0.209872 seconds.
  path: Assets/Dark UI/New Icons/White Sleep.png
  artifactKey: Guid(ad96db1bead64f54eb2761357817ba3f) Importer(815301076,1909f56bfc062723c751e8b465ee728b)
Number of updated assets reloaded before import = 0
Start importing Assets/Dark UI/New Icons/White Sleep.png using Guid(ad96db1bead64f54eb2761357817ba3f) Importer(815301076,1909f56bfc062723c751e8b465ee728b)  -> (artifact id: 'f5a391ca09c6c82b1bb11fa3688dbfd7') in 0.032316 seconds 
Number of asset objects unloaded after import = 3
========================================================================
Received Import Request.
  Time since last request: 0.000019 seconds.
  path: Assets/Dark UI/New Icons/White Snow Globe 2.png
  artifactKey: Guid(c769a8c320ea15f439821674a811ad22) Importer(815301076,1909f56bfc062723c751e8b465ee728b)
Number of updated assets reloaded before import = 0
Start importing Assets/Dark UI/New Icons/White Snow Globe 2.png using Guid(c769a8c320ea15f439821674a811ad22) Importer(815301076,1909f56bfc062723c751e8b465ee728b)  -> (artifact id: '4c4c2b8479d17cd5507195e7ecea6214') in 0.032782 seconds 
Number of asset objects unloaded after import = 3
========================================================================
Received Import Request.
  Time since last request: 0.000024 seconds.
  path: Assets/Dark UI/New Icons/White Snow Globe 1.png
  artifactKey: Guid(9cf1960b5a0ca9547ba5ba2c1f1d7914) Importer(815301076,1909f56bfc062723c751e8b465ee728b)
Number of updated assets reloaded before import = 0
Start importing Assets/Dark UI/New Icons/White Snow Globe 1.png using Guid(9cf1960b5a0ca9547ba5ba2c1f1d7914) Importer(815301076,1909f56bfc062723c751e8b465ee728b)  -> (artifact id: '30ffe7f0bc9675f7e91d94770fcd4dce') in 0.036005 seconds 
Number of asset objects unloaded after import = 3
========================================================================
Received Import Request.
  Time since last request: 0.000028 seconds.
  path: Assets/Dark UI/New Icons/White Signal.png
  artifactKey: Guid(9fde4f0d732b6bc458d381082b48cafc) Importer(815301076,1909f56bfc062723c751e8b465ee728b)
Number of updated assets reloaded before import = 0
Start importing Assets/Dark UI/New Icons/White Signal.png using Guid(9fde4f0d732b6bc458d381082b48cafc) Importer(815301076,1909f56bfc062723c751e8b465ee728b)  -> (artifact id: 'a3adfa6dd5c214e8e69ed9981a57b7cc') in 0.032774 seconds 
Number of asset objects unloaded after import = 3
========================================================================
Received Import Request.
  Time since last request: 0.000036 seconds.
  path: Assets/Dark UI/New Icons/White Skype.png
  artifactKey: Guid(36e55023c0cc0fa468d790ac3053916e) Importer(815301076,1909f56bfc062723c751e8b465ee728b)
Number of updated assets reloaded before import = 0
Start importing Assets/Dark UI/New Icons/White Skype.png using Guid(36e55023c0cc0fa468d790ac3053916e) Importer(815301076,1909f56bfc062723c751e8b465ee728b)  -> (artifact id: '336b68b7b04bda4f0ce6f7072727d348') in 0.038363 seconds 
Number of asset objects unloaded after import = 3
========================================================================
Received Import Request.
  Time since last request: 0.000024 seconds.
  path: Assets/Dark UI/New Icons/White Sound 1.png
  artifactKey: Guid(a96c62549a14614499aac5612947a2bf) Importer(815301076,1909f56bfc062723c751e8b465ee728b)
Number of updated assets reloaded before import = 0
Start importing Assets/Dark UI/New Icons/White Sound 1.png using Guid(a96c62549a14614499aac5612947a2bf) Importer(815301076,1909f56bfc062723c751e8b465ee728b)  -> (artifact id: '085efe8d7ad9c00903f6e82dcb6ebc65') in 0.037291 seconds 
Number of asset objects unloaded after import = 3
========================================================================
Received Import Request.
  Time since last request: 0.000024 seconds.
  path: Assets/Dark UI/New Icons/White Sad 1.png
  artifactKey: Guid(c66141a215c08e347882017d498f50e1) Importer(815301076,1909f56bfc062723c751e8b465ee728b)
Number of updated assets reloaded before import = 0
Start importing Assets/Dark UI/New Icons/White Sad 1.png using Guid(c66141a215c08e347882017d498f50e1) Importer(815301076,1909f56bfc062723c751e8b465ee728b)  -> (artifact id: 'bc3560a79a403a5a6c85178b8c40fd71') in 0.034742 seconds 
Number of asset objects unloaded after import = 3
========================================================================
Received Import Request.
  Time since last request: 0.000036 seconds.
  path: Assets/Dark UI/New Icons/White Sad 3.png
  artifactKey: Guid(48351bd260dcd50468420a587df7bc18) Importer(815301076,1909f56bfc062723c751e8b465ee728b)
Number of updated assets reloaded before import = 0
Start importing Assets/Dark UI/New Icons/White Sad 3.png using Guid(48351bd260dcd50468420a587df7bc18) Importer(815301076,1909f56bfc062723c751e8b465ee728b)  -> (artifact id: '96b051cf60f4692ecd1ab9de363616b2') in 0.041581 seconds 
Number of asset objects unloaded after import = 3
========================================================================
Received Import Request.
  Time since last request: 0.000030 seconds.
  path: Assets/Dark UI/New Icons/White Sad 2.png
  artifactKey: Guid(b860e7dca9b704845b229f98058259e8) Importer(815301076,1909f56bfc062723c751e8b465ee728b)
Number of updated assets reloaded before import = 0
Start importing Assets/Dark UI/New Icons/White Sad 2.png using Guid(b860e7dca9b704845b229f98058259e8) Importer(815301076,1909f56bfc062723c751e8b465ee728b)  -> (artifact id: '770fb4498f14f8cdb4ff14be98c4ea8e') in 0.036674 seconds 
Number of asset objects unloaded after import = 3
========================================================================
Received Import Request.
  Time since last request: 0.000030 seconds.
  path: Assets/Dark UI/New Icons/White Shield 2.png
  artifactKey: Guid(95225b98114fcf245b8992aab7f4ea5e) Importer(815301076,1909f56bfc062723c751e8b465ee728b)
Number of updated assets reloaded before import = 0
Start importing Assets/Dark UI/New Icons/White Shield 2.png using Guid(95225b98114fcf245b8992aab7f4ea5e) Importer(815301076,1909f56bfc062723c751e8b465ee728b)  -> (artifact id: '8e2e3b35ffe49ebf7ebeb2064b10aab8') in 0.035593 seconds 
Number of asset objects unloaded after import = 3
========================================================================
Received Import Request.
  Time since last request: 0.000026 seconds.
  path: Assets/Dark UI/New Icons/White Select 2.png
  artifactKey: Guid(9a3434d9b3c2e764ca8431b6cf4c26fb) Importer(815301076,1909f56bfc062723c751e8b465ee728b)
Number of updated assets reloaded before import = 0
Start importing Assets/Dark UI/New Icons/White Select 2.png using Guid(9a3434d9b3c2e764ca8431b6cf4c26fb) Importer(815301076,1909f56bfc062723c751e8b465ee728b)  -> (artifact id: 'bde828e15be0b211f7ac0f691485f81a') in 0.040466 seconds 
Number of asset objects unloaded after import = 3
========================================================================
Received Import Request.
  Time since last request: 0.000030 seconds.
  path: Assets/Dark UI/New Icons/White Snow.png
  artifactKey: Guid(431965f51ef5de645a338af6c71e81bc) Importer(815301076,1909f56bfc062723c751e8b465ee728b)
Number of updated assets reloaded before import = 0
Start importing Assets/Dark UI/New Icons/White Snow.png using Guid(431965f51ef5de645a338af6c71e81bc) Importer(815301076,1909f56bfc062723c751e8b465ee728b)  -> (artifact id: 'eb5944e6b6558186a15d98200d8727ce') in 0.034631 seconds 
Number of asset objects unloaded after import = 3
========================================================================
Received Import Request.
  Time since last request: 0.000023 seconds.
  path: Assets/Dark UI/New Icons/White Skull 2.png
  artifactKey: Guid(9c2a11d25a21a814e9e081ddfd36e556) Importer(815301076,1909f56bfc062723c751e8b465ee728b)
Number of updated assets reloaded before import = 0
Start importing Assets/Dark UI/New Icons/White Skull 2.png using Guid(9c2a11d25a21a814e9e081ddfd36e556) Importer(815301076,1909f56bfc062723c751e8b465ee728b)  -> (artifact id: '1fc221fdd38a0ccf68e74e3a173a1e65') in 0.043577 seconds 
Number of asset objects unloaded after import = 3
========================================================================
Received Import Request.
  Time since last request: 0.111857 seconds.
  path: Assets/Dark UI/New Icons/White Return.png
  artifactKey: Guid(cb186d85a860f3348acfd63ce4bb1a68) Importer(815301076,1909f56bfc062723c751e8b465ee728b)
Number of updated assets reloaded before import = 0
Start importing Assets/Dark UI/New Icons/White Return.png using Guid(cb186d85a860f3348acfd63ce4bb1a68) Importer(815301076,1909f56bfc062723c751e8b465ee728b)  -> (artifact id: 'ef114b374bee4768523a4151562931f2') in 0.039736 seconds 
Number of asset objects unloaded after import = 3
========================================================================
Received Import Request.
  Time since last request: 0.000035 seconds.
  path: Assets/Dark UI/New Icons/White Ribbon 2.png
  artifactKey: Guid(f46d0f8f82c9f794696f908a7f70fc5d) Importer(815301076,1909f56bfc062723c751e8b465ee728b)
Number of updated assets reloaded before import = 0
Start importing Assets/Dark UI/New Icons/White Ribbon 2.png using Guid(f46d0f8f82c9f794696f908a7f70fc5d) Importer(815301076,1909f56bfc062723c751e8b465ee728b)  -> (artifact id: 'dbeff83e07a3978e6d02e3a8bee74e07') in 0.037015 seconds 
Number of asset objects unloaded after import = 3
========================================================================
Received Import Request.
  Time since last request: 0.000036 seconds.
  path: Assets/Dark UI/New Icons/White Ribbon 4.png
  artifactKey: Guid(b3bc41923032a3b488b5ee4fc8100047) Importer(815301076,1909f56bfc062723c751e8b465ee728b)
Number of updated assets reloaded before import = 0
Start importing Assets/Dark UI/New Icons/White Ribbon 4.png using Guid(b3bc41923032a3b488b5ee4fc8100047) Importer(815301076,1909f56bfc062723c751e8b465ee728b)  -> (artifact id: '03f8ac1c9be84b6e7a820cf5d4547bc4') in 0.043321 seconds 
Number of asset objects unloaded after import = 3
========================================================================
Received Import Request.
  Time since last request: 0.000034 seconds.
  path: Assets/Dark UI/New Icons/White Right.png
  artifactKey: Guid(008cf15178552a240954abd842946aec) Importer(815301076,1909f56bfc062723c751e8b465ee728b)
Number of updated assets reloaded before import = 0
Start importing Assets/Dark UI/New Icons/White Right.png using Guid(008cf15178552a240954abd842946aec) Importer(815301076,1909f56bfc062723c751e8b465ee728b)  -> (artifact id: 'bc5beba3eb3de8d999e777ba4459b839') in 0.040057 seconds 
Number of asset objects unloaded after import = 3
========================================================================
Received Import Request.
  Time since last request: 0.000045 seconds.
  path: Assets/Dark UI/New Icons/White Questions 1.png
  artifactKey: Guid(680e9b1dee678594a9afacc5ee31912d) Importer(815301076,1909f56bfc062723c751e8b465ee728b)
Number of updated assets reloaded before import = 0
Start importing Assets/Dark UI/New Icons/White Questions 1.png using Guid(680e9b1dee678594a9afacc5ee31912d) Importer(815301076,1909f56bfc062723c751e8b465ee728b)  -> (artifact id: '657cdfbd4a1e9f07dc7f51154a699113') in 0.039217 seconds 
Number of asset objects unloaded after import = 3
========================================================================
Received Import Request.
  Time since last request: 0.000058 seconds.
  path: Assets/Dark UI/New Icons/White Queen.png
  artifactKey: Guid(2b5e1f27bb41f3f408211c4643d8f247) Importer(815301076,1909f56bfc062723c751e8b465ee728b)
Number of updated assets reloaded before import = 0
Start importing Assets/Dark UI/New Icons/White Queen.png using Guid(2b5e1f27bb41f3f408211c4643d8f247) Importer(815301076,1909f56bfc062723c751e8b465ee728b)  -> (artifact id: 'f89c6c210bbf9dff966bd1326ef2f0df') in 0.037633 seconds 
Number of asset objects unloaded after import = 3
========================================================================
Received Import Request.
  Time since last request: 0.000051 seconds.
  path: Assets/Dark UI/New Icons/White Rank.png
  artifactKey: Guid(aae7fb6dbd42e0a4cb58d3a93643339e) Importer(815301076,1909f56bfc062723c751e8b465ee728b)
Number of updated assets reloaded before import = 0
Start importing Assets/Dark UI/New Icons/White Rank.png using Guid(aae7fb6dbd42e0a4cb58d3a93643339e) Importer(815301076,1909f56bfc062723c751e8b465ee728b)  -> (artifact id: 'fdd7ddcd767df055a9a304597d25753b') in 0.034385 seconds 
Number of asset objects unloaded after import = 3
========================================================================
Received Import Request.
  Time since last request: 0.000020 seconds.
  path: Assets/Dark UI/New Icons/White Quiver.png
  artifactKey: Guid(4fc864b338388bb4e9ac8685388b15cd) Importer(815301076,1909f56bfc062723c751e8b465ee728b)
Number of updated assets reloaded before import = 0
Start importing Assets/Dark UI/New Icons/White Quiver.png using Guid(4fc864b338388bb4e9ac8685388b15cd) Importer(815301076,1909f56bfc062723c751e8b465ee728b)  -> (artifact id: '3184545b351ccc86d12e00c14a6ebbd4') in 0.037612 seconds 
Number of asset objects unloaded after import = 3
========================================================================
Received Import Request.
  Time since last request: 0.171530 seconds.
  path: Assets/Dark UI/New Icons/White Pop Corn.png
  artifactKey: Guid(d07e2d6c154530b4e94b2e3d99e44a64) Importer(815301076,1909f56bfc062723c751e8b465ee728b)
Number of updated assets reloaded before import = 0
Start importing Assets/Dark UI/New Icons/White Pop Corn.png using Guid(d07e2d6c154530b4e94b2e3d99e44a64) Importer(815301076,1909f56bfc062723c751e8b465ee728b)  -> (artifact id: 'b84bd541744ced9ed1eba78549f70f15') in 0.039235 seconds 
Number of asset objects unloaded after import = 3
========================================================================
Received Import Request.
  Time since last request: 0.000018 seconds.
  path: Assets/Dark UI/New Icons/White Potion 2.png
  artifactKey: Guid(da84f20f8bcee2e43956fcd33ce9674a) Importer(815301076,1909f56bfc062723c751e8b465ee728b)
Number of updated assets reloaded before import = 0
Start importing Assets/Dark UI/New Icons/White Potion 2.png using Guid(da84f20f8bcee2e43956fcd33ce9674a) Importer(815301076,1909f56bfc062723c751e8b465ee728b)  -> (artifact id: '11036c36157d39962d7eb4fc256d24d3') in 0.038043 seconds 
Number of asset objects unloaded after import = 3
========================================================================
Received Import Request.
  Time since last request: 0.000102 seconds.
  path: Assets/Dark UI/New Icons/White Power Button.png
  artifactKey: Guid(47fb37fd4beb26a48b394408b8e433f0) Importer(815301076,1909f56bfc062723c751e8b465ee728b)
Number of updated assets reloaded before import = 0
Start importing Assets/Dark UI/New Icons/White Power Button.png using Guid(47fb37fd4beb26a48b394408b8e433f0) Importer(815301076,1909f56bfc062723c751e8b465ee728b)  -> (artifact id: 'ecdf7f1f77925c7401dbba6588f74c52') in 0.040250 seconds 
Number of asset objects unloaded after import = 3
========================================================================
Received Import Request.
  Time since last request: 0.000028 seconds.
  path: Assets/Dark UI/New Icons/White Plane.png
  artifactKey: Guid(1455a262a022ce64c8f0cbffe6767121) Importer(815301076,1909f56bfc062723c751e8b465ee728b)
Number of updated assets reloaded before import = 0
Start importing Assets/Dark UI/New Icons/White Plane.png using Guid(1455a262a022ce64c8f0cbffe6767121) Importer(815301076,1909f56bfc062723c751e8b465ee728b)  -> (artifact id: '33633af22cd43682f42e6f08c31d58c0') in 0.044297 seconds 
Number of asset objects unloaded after import = 3
========================================================================
Received Import Request.
  Time since last request: 0.000028 seconds.
  path: Assets/Dark UI/New Icons/White Pin.png
  artifactKey: Guid(d149e5f97965a0e4eb6e9798dc13c8e7) Importer(815301076,1909f56bfc062723c751e8b465ee728b)
Number of updated assets reloaded before import = 0
Start importing Assets/Dark UI/New Icons/White Pin.png using Guid(d149e5f97965a0e4eb6e9798dc13c8e7) Importer(815301076,1909f56bfc062723c751e8b465ee728b)  -> (artifact id: '4e98a03aa6071f5170d1ff17cf80b0a0') in 0.039609 seconds 
Number of asset objects unloaded after import = 3
========================================================================
Received Import Request.
  Time since last request: 0.000057 seconds.
  path: Assets/Dark UI/New Icons/White Plus 2.png
  artifactKey: Guid(7d03dd3f645aa6f408a5ede41524af84) Importer(815301076,1909f56bfc062723c751e8b465ee728b)
Number of updated assets reloaded before import = 0
Start importing Assets/Dark UI/New Icons/White Plus 2.png using Guid(7d03dd3f645aa6f408a5ede41524af84) Importer(815301076,1909f56bfc062723c751e8b465ee728b)  -> (artifact id: 'c59b31070afd86155ebd24aa3eae8be6') in 0.039962 seconds 
Number of asset objects unloaded after import = 3
========================================================================
Received Import Request.
  Time since last request: 0.000036 seconds.
  path: Assets/Dark UI/New Icons/White Pilar.png
  artifactKey: Guid(050766841e70e9a4f88cd9b1651e1503) Importer(815301076,1909f56bfc062723c751e8b465ee728b)
Number of updated assets reloaded before import = 0
Start importing Assets/Dark UI/New Icons/White Pilar.png using Guid(050766841e70e9a4f88cd9b1651e1503) Importer(815301076,1909f56bfc062723c751e8b465ee728b)  -> (artifact id: 'c9818449bd628a22a67d94339aa11ab1') in 0.038405 seconds 
Number of asset objects unloaded after import = 3
========================================================================
Received Import Request.
  Time since last request: 0.000037 seconds.
  path: Assets/Dark UI/New Icons/White Pen 3.png
  artifactKey: Guid(8c692c044905f4b41986747104e4cae4) Importer(815301076,1909f56bfc062723c751e8b465ee728b)
Number of updated assets reloaded before import = 0
Start importing Assets/Dark UI/New Icons/White Pen 3.png using Guid(8c692c044905f4b41986747104e4cae4) Importer(815301076,1909f56bfc062723c751e8b465ee728b)  -> (artifact id: '13d5a53914cf679174fa588937185d6f') in 0.037123 seconds 
Number of asset objects unloaded after import = 3
========================================================================
Received Import Request.
  Time since last request: 0.000022 seconds.
  path: Assets/Dark UI/New Icons/White Picture.png
  artifactKey: Guid(94be6287808ff1548b7cdc5c6067350f) Importer(815301076,1909f56bfc062723c751e8b465ee728b)
Number of updated assets reloaded before import = 0
Start importing Assets/Dark UI/New Icons/White Picture.png using Guid(94be6287808ff1548b7cdc5c6067350f) Importer(815301076,1909f56bfc062723c751e8b465ee728b)  -> (artifact id: '86b57377dcb197fd32545b896d8798d0') in 0.040039 seconds 
Number of asset objects unloaded after import = 3
========================================================================
Received Import Request.
  Time since last request: 0.159560 seconds.
  path: Assets/Dark UI/New Icons/White Open File.png
  artifactKey: Guid(93c1eb9de3166864aa165eba44e73edb) Importer(815301076,1909f56bfc062723c751e8b465ee728b)
Number of updated assets reloaded before import = 0
Start importing Assets/Dark UI/New Icons/White Open File.png using Guid(93c1eb9de3166864aa165eba44e73edb) Importer(815301076,1909f56bfc062723c751e8b465ee728b)  -> (artifact id: 'c863e8ff71faba90ffabd02d14f54839') in 0.034732 seconds 
Number of asset objects unloaded after import = 3
========================================================================
Received Import Request.
  Time since last request: 0.000036 seconds.
  path: Assets/Dark UI/New Icons/White Pause.png
  artifactKey: Guid(695ec439c313f054d89b5b577b8d8310) Importer(815301076,1909f56bfc062723c751e8b465ee728b)
Number of updated assets reloaded before import = 0
Start importing Assets/Dark UI/New Icons/White Pause.png using Guid(695ec439c313f054d89b5b577b8d8310) Importer(815301076,1909f56bfc062723c751e8b465ee728b)  -> (artifact id: 'baa76c6d27be2f7df447acb03e34507d') in 0.038234 seconds 
Number of asset objects unloaded after import = 3
========================================================================
Received Import Request.
  Time since last request: 0.000025 seconds.
  path: Assets/Dark UI/New Icons/White Party Pop.png
  artifactKey: Guid(2b131a3b7c020d140ad75182bcb4f8de) Importer(815301076,1909f56bfc062723c751e8b465ee728b)
Number of updated assets reloaded before import = 0
Start importing Assets/Dark UI/New Icons/White Party Pop.png using Guid(2b131a3b7c020d140ad75182bcb4f8de) Importer(815301076,1909f56bfc062723c751e8b465ee728b)  -> (artifact id: '490cfa380b850cfe0674286aea993a07') in 0.036333 seconds 
Number of asset objects unloaded after import = 3
========================================================================
Received Import Request.
  Time since last request: 0.014432 seconds.
  path: Assets/Dark UI/New Icons/White Move LeftRight.png
  artifactKey: Guid(fe79327cfcd3b5b48af90aa371100725) Importer(815301076,1909f56bfc062723c751e8b465ee728b)
Number of updated assets reloaded before import = 0
Start importing Assets/Dark UI/New Icons/White Move LeftRight.png using Guid(fe79327cfcd3b5b48af90aa371100725) Importer(815301076,1909f56bfc062723c751e8b465ee728b)  -> (artifact id: '84d7d98a8679b6a702fcdfe0fd3a7a8f') in 0.036872 seconds 
Number of asset objects unloaded after import = 3
========================================================================
Received Import Request.
  Time since last request: 0.000027 seconds.
  path: Assets/Dark UI/New Icons/White Media Folder.png
  artifactKey: Guid(61b813bc36c05e349afdff9f861c13db) Importer(815301076,1909f56bfc062723c751e8b465ee728b)
Number of updated assets reloaded before import = 0
Start importing Assets/Dark UI/New Icons/White Media Folder.png using Guid(61b813bc36c05e349afdff9f861c13db) Importer(815301076,1909f56bfc062723c751e8b465ee728b)  -> (artifact id: 'af8da2640a2d35155939246fba1c36fb') in 0.034894 seconds 
Number of asset objects unloaded after import = 3
========================================================================
Received Import Request.
  Time since last request: 0.000031 seconds.
  path: Assets/Dark UI/New Icons/White Male.png
  artifactKey: Guid(005d996db1592d14ab9211c69d836f7b) Importer(815301076,1909f56bfc062723c751e8b465ee728b)
Number of updated assets reloaded before import = 0
Start importing Assets/Dark UI/New Icons/White Male.png using Guid(005d996db1592d14ab9211c69d836f7b) Importer(815301076,1909f56bfc062723c751e8b465ee728b)  -> (artifact id: 'fe90865265be13783c215fa8e0a2528f') in 0.034863 seconds 
Number of asset objects unloaded after import = 3
========================================================================
Received Import Request.
  Time since last request: 0.000033 seconds.
  path: Assets/Dark UI/New Icons/White Magnet 2.png
  artifactKey: Guid(c58c0b67c01722243934b4d3b8bee79a) Importer(815301076,1909f56bfc062723c751e8b465ee728b)
Number of updated assets reloaded before import = 0
Start importing Assets/Dark UI/New Icons/White Magnet 2.png using Guid(c58c0b67c01722243934b4d3b8bee79a) Importer(815301076,1909f56bfc062723c751e8b465ee728b)  -> (artifact id: 'a20584bf761b0a11e8b8fa5c4ea5bfc8') in 0.037170 seconds 
Number of asset objects unloaded after import = 3
========================================================================
Received Import Request.
  Time since last request: 0.000034 seconds.
  path: Assets/Dark UI/New Icons/White Mace.png
  artifactKey: Guid(f3536f8c82e4c5748bb3ac49f3076a64) Importer(815301076,1909f56bfc062723c751e8b465ee728b)
Number of updated assets reloaded before import = 0
Start importing Assets/Dark UI/New Icons/White Mace.png using Guid(f3536f8c82e4c5748bb3ac49f3076a64) Importer(815301076,1909f56bfc062723c751e8b465ee728b)  -> (artifact id: 'd151ffcb3c9a30179331a9baeb9abb6f') in 0.040037 seconds 
Number of asset objects unloaded after import = 3
========================================================================
Received Import Request.
  Time since last request: 0.000020 seconds.
  path: Assets/Dark UI/New Icons/White Left.png
  artifactKey: Guid(594213794742f464abbdfe38f0fdcaf6) Importer(815301076,1909f56bfc062723c751e8b465ee728b)
Number of updated assets reloaded before import = 0
Start importing Assets/Dark UI/New Icons/White Left.png using Guid(594213794742f464abbdfe38f0fdcaf6) Importer(815301076,1909f56bfc062723c751e8b465ee728b)  -> (artifact id: '29536f549642c4f044eb73cb4972a802') in 0.037247 seconds 
Number of asset objects unloaded after import = 3
========================================================================
Received Import Request.
  Time since last request: 0.000074 seconds.
  path: Assets/Dark UI/New Icons/White Monitor.png
  artifactKey: Guid(83de16c9ebbf5414c8db045f08c81258) Importer(815301076,1909f56bfc062723c751e8b465ee728b)
Number of updated assets reloaded before import = 0
Start importing Assets/Dark UI/New Icons/White Monitor.png using Guid(83de16c9ebbf5414c8db045f08c81258) Importer(815301076,1909f56bfc062723c751e8b465ee728b)  -> (artifact id: 'e2c01a98b305c46dff4dd008992f3bd2') in 0.037418 seconds 
Number of asset objects unloaded after import = 3
========================================================================
Received Import Request.
  Time since last request: 0.000025 seconds.
  path: Assets/Dark UI/New Icons/White Message 2.png
  artifactKey: Guid(2ed76750890eee843ac757621dba82e0) Importer(815301076,1909f56bfc062723c751e8b465ee728b)
Number of updated assets reloaded before import = 0
Start importing Assets/Dark UI/New Icons/White Message 2.png using Guid(2ed76750890eee843ac757621dba82e0) Importer(815301076,1909f56bfc062723c751e8b465ee728b)  -> (artifact id: '43fd55bbcaf676c5552a56ce85ba94a1') in 0.036298 seconds 
Number of asset objects unloaded after import = 3
========================================================================
Received Import Request.
  Time since last request: 0.000029 seconds.
  path: Assets/Dark UI/New Icons/White Magnet.png
  artifactKey: Guid(1e2c5cf75f61bb54c90af12fa3f8ff46) Importer(815301076,1909f56bfc062723c751e8b465ee728b)
Number of updated assets reloaded before import = 0
Start importing Assets/Dark UI/New Icons/White Magnet.png using Guid(1e2c5cf75f61bb54c90af12fa3f8ff46) Importer(815301076,1909f56bfc062723c751e8b465ee728b)  -> (artifact id: '70ce2899a3c007ca0a9cd47dbbfa3ada') in 0.036781 seconds 
Number of asset objects unloaded after import = 3
========================================================================
Received Import Request.
  Time since last request: 0.000020 seconds.
  path: Assets/Dark UI/New Icons/White News.png
  artifactKey: Guid(0470d62f1f469ad47b2129a2aa63d847) Importer(815301076,1909f56bfc062723c751e8b465ee728b)
Number of updated assets reloaded before import = 0
Start importing Assets/Dark UI/New Icons/White News.png using Guid(0470d62f1f469ad47b2129a2aa63d847) Importer(815301076,1909f56bfc062723c751e8b465ee728b)  -> (artifact id: '238c74cafc637c1504125afb17af7be2') in 0.037729 seconds 
Number of asset objects unloaded after import = 3
========================================================================
Received Import Request.
  Time since last request: 0.000018 seconds.
  path: Assets/Dark UI/New Icons/White Minus.png
  artifactKey: Guid(7ac938c7a6eb8284ca8f3519a27dd66f) Importer(815301076,1909f56bfc062723c751e8b465ee728b)
Number of updated assets reloaded before import = 0
Start importing Assets/Dark UI/New Icons/White Minus.png using Guid(7ac938c7a6eb8284ca8f3519a27dd66f) Importer(815301076,1909f56bfc062723c751e8b465ee728b)  -> (artifact id: 'def0bc400d89ab35ab06e3940c37d1d2') in 0.036909 seconds 
Number of asset objects unloaded after import = 3
========================================================================
Received Import Request.
  Time since last request: 0.000028 seconds.
  path: Assets/Dark UI/New Icons/White Japanese Yen.png
  artifactKey: Guid(acb80885a9120e54a901e48f061e9d9e) Importer(815301076,1909f56bfc062723c751e8b465ee728b)
Number of updated assets reloaded before import = 0
Start importing Assets/Dark UI/New Icons/White Japanese Yen.png using Guid(acb80885a9120e54a901e48f061e9d9e) Importer(815301076,1909f56bfc062723c751e8b465ee728b)  -> (artifact id: '239547836d8c7ca3304ef6b61f6388df') in 0.043192 seconds 
Number of asset objects unloaded after import = 3
========================================================================
Received Import Request.
  Time since last request: 0.000021 seconds.
  path: Assets/Dark UI/New Icons/White ID.png
  artifactKey: Guid(2408f6cbb79216547bf6fd1b0180cd0e) Importer(815301076,1909f56bfc062723c751e8b465ee728b)
Number of updated assets reloaded before import = 0
Start importing Assets/Dark UI/New Icons/White ID.png using Guid(2408f6cbb79216547bf6fd1b0180cd0e) Importer(815301076,1909f56bfc062723c751e8b465ee728b)  -> (artifact id: '1115fb6234e45867cfbe2c5ea8a1b276') in 0.038650 seconds 
Number of asset objects unloaded after import = 3
========================================================================
Received Import Request.
  Time since last request: 0.000036 seconds.
  path: Assets/Dark UI/New Icons/White Headphones.png
  artifactKey: Guid(3278dea7cb9dbf447a45c05c1dd522ec) Importer(815301076,1909f56bfc062723c751e8b465ee728b)
Number of updated assets reloaded before import = 0
Start importing Assets/Dark UI/New Icons/White Headphones.png using Guid(3278dea7cb9dbf447a45c05c1dd522ec) Importer(815301076,1909f56bfc062723c751e8b465ee728b)  -> (artifact id: '45148b87d3bc4a467a2c8c3e9d8baf73') in 0.035545 seconds 
Number of asset objects unloaded after import = 3
========================================================================
Received Import Request.
  Time since last request: 0.000028 seconds.
  path: Assets/Dark UI/New Icons/White Home 3.png
  artifactKey: Guid(11d17bc300057b24fa03bc50f2f9d87a) Importer(815301076,1909f56bfc062723c751e8b465ee728b)
Number of updated assets reloaded before import = 0
Start importing Assets/Dark UI/New Icons/White Home 3.png using Guid(11d17bc300057b24fa03bc50f2f9d87a) Importer(815301076,1909f56bfc062723c751e8b465ee728b)  -> (artifact id: '4419fc57af4f8c3b2bbea534cda1a395') in 0.037525 seconds 
Number of asset objects unloaded after import = 3
========================================================================
Received Import Request.
  Time since last request: 0.000022 seconds.
  path: Assets/Dark UI/New Icons/White Folder 2.png
  artifactKey: Guid(7d7a478af16c6d147ad4f8f969ae50b1) Importer(815301076,1909f56bfc062723c751e8b465ee728b)
Number of updated assets reloaded before import = 0
Start importing Assets/Dark UI/New Icons/White Folder 2.png using Guid(7d7a478af16c6d147ad4f8f969ae50b1) Importer(815301076,1909f56bfc062723c751e8b465ee728b)  -> (artifact id: '3af6d6e151570ad406a0a01a5a73157e') in 0.038863 seconds 
Number of asset objects unloaded after import = 3
========================================================================
Received Import Request.
  Time since last request: 0.000035 seconds.
  path: Assets/Dark UI/New Icons/White Home.png
  artifactKey: Guid(83c65dcb40aa76c4c83e56e61f0fa50a) Importer(815301076,1909f56bfc062723c751e8b465ee728b)
Number of updated assets reloaded before import = 0
Start importing Assets/Dark UI/New Icons/White Home.png using Guid(83c65dcb40aa76c4c83e56e61f0fa50a) Importer(815301076,1909f56bfc062723c751e8b465ee728b)  -> (artifact id: '646baf0a94bb877649130a2071acdaaf') in 0.038521 seconds 
Number of asset objects unloaded after import = 3
========================================================================
Received Import Request.
  Time since last request: 0.000028 seconds.
  path: Assets/Dark UI/New Icons/White Folder.png
  artifactKey: Guid(cdb651cb1bd63fe42ba8ce7c3d2ab8e1) Importer(815301076,1909f56bfc062723c751e8b465ee728b)
Number of updated assets reloaded before import = 0
Start importing Assets/Dark UI/New Icons/White Folder.png using Guid(cdb651cb1bd63fe42ba8ce7c3d2ab8e1) Importer(815301076,1909f56bfc062723c751e8b465ee728b)  -> (artifact id: '639d2ee1a1523335e3cf02d8e6be81bc') in 0.035462 seconds 
Number of asset objects unloaded after import = 3
========================================================================
Received Import Request.
  Time since last request: 0.000038 seconds.
  path: Assets/Dark UI/New Icons/White Information.png
  artifactKey: Guid(46712e23d71a3994d906c3660e5f528c) Importer(815301076,1909f56bfc062723c751e8b465ee728b)
Number of updated assets reloaded before import = 0
Start importing Assets/Dark UI/New Icons/White Information.png using Guid(46712e23d71a3994d906c3660e5f528c) Importer(815301076,1909f56bfc062723c751e8b465ee728b)  -> (artifact id: '03a231762f0d01523e74db3406078ad5') in 0.037254 seconds 
Number of asset objects unloaded after import = 3
========================================================================
Received Import Request.
  Time since last request: 0.000071 seconds.
  path: Assets/Dark UI/New Icons/White Gasoline.png
  artifactKey: Guid(f0d723fbdc0a7af4ea7265a14182085a) Importer(815301076,1909f56bfc062723c751e8b465ee728b)
Number of updated assets reloaded before import = 0
Start importing Assets/Dark UI/New Icons/White Gasoline.png using Guid(f0d723fbdc0a7af4ea7265a14182085a) Importer(815301076,1909f56bfc062723c751e8b465ee728b)  -> (artifact id: '6c4864974fc656e4daa970e3e725d29b') in 0.036464 seconds 
Number of asset objects unloaded after import = 3
========================================================================
Received Import Request.
  Time since last request: 0.000061 seconds.
  path: Assets/Dark UI/New Icons/White Gear 1.png
  artifactKey: Guid(4b94d7f6694c89540b680526f83dcfdc) Importer(815301076,1909f56bfc062723c751e8b465ee728b)
Number of updated assets reloaded before import = 0
Start importing Assets/Dark UI/New Icons/White Gear 1.png using Guid(4b94d7f6694c89540b680526f83dcfdc) Importer(815301076,1909f56bfc062723c751e8b465ee728b)  -> (artifact id: '9486fefee5e809d0da136070fe50828e') in 0.034110 seconds 
Number of asset objects unloaded after import = 3
========================================================================
Received Import Request.
  Time since last request: 0.000027 seconds.
  path: Assets/Dark UI/New Icons/White Move Up.png
  artifactKey: Guid(36bda6e11a324274d82ad68797ec4f63) Importer(815301076,1909f56bfc062723c751e8b465ee728b)
Number of updated assets reloaded before import = 0
Start importing Assets/Dark UI/New Icons/White Move Up.png using Guid(36bda6e11a324274d82ad68797ec4f63) Importer(815301076,1909f56bfc062723c751e8b465ee728b)  -> (artifact id: '330f5c00a074870d48c34ee257323420') in 0.036208 seconds 
Number of asset objects unloaded after import = 3
========================================================================
Received Import Request.
  Time since last request: 0.000035 seconds.
  path: Assets/Dark UI/New Icons/White Gem 1.png
  artifactKey: Guid(228d69029e457c443a5eb0f973e92089) Importer(815301076,1909f56bfc062723c751e8b465ee728b)
Number of updated assets reloaded before import = 0
Start importing Assets/Dark UI/New Icons/White Gem 1.png using Guid(228d69029e457c443a5eb0f973e92089) Importer(815301076,1909f56bfc062723c751e8b465ee728b)  -> (artifact id: '86530cfa9110360c64c31d524ff03167') in 0.037099 seconds 
Number of asset objects unloaded after import = 3
========================================================================
Received Import Request.
  Time since last request: 0.000026 seconds.
  path: Assets/Dark UI/New Icons/White Hamer.png
  artifactKey: Guid(f35423bff8ff20d41a614e25f602169b) Importer(815301076,1909f56bfc062723c751e8b465ee728b)
Number of updated assets reloaded before import = 0
Start importing Assets/Dark UI/New Icons/White Hamer.png using Guid(f35423bff8ff20d41a614e25f602169b) Importer(815301076,1909f56bfc062723c751e8b465ee728b)  -> (artifact id: '6354e462c225f96afdcb4e1cb3448725') in 0.036980 seconds 
Number of asset objects unloaded after import = 3
========================================================================
Received Import Request.
  Time since last request: 0.000030 seconds.
  path: Assets/Dark UI/New Icons/White Flag.png
  artifactKey: Guid(96aed215dfd98764ca9995bb594b313a) Importer(815301076,1909f56bfc062723c751e8b465ee728b)
Number of updated assets reloaded before import = 0
Start importing Assets/Dark UI/New Icons/White Flag.png using Guid(96aed215dfd98764ca9995bb594b313a) Importer(815301076,1909f56bfc062723c751e8b465ee728b)  -> (artifact id: '6679f0aaa80f9fabfe4744bafb36dfea') in 0.037838 seconds 
Number of asset objects unloaded after import = 3
========================================================================
Received Import Request.
  Time since last request: 0.000044 seconds.
  path: Assets/Dark UI/New Icons/White FB Icon.png
  artifactKey: Guid(9951ffcde0ad68140919791675e35b61) Importer(815301076,1909f56bfc062723c751e8b465ee728b)
Number of updated assets reloaded before import = 0
Start importing Assets/Dark UI/New Icons/White FB Icon.png using Guid(9951ffcde0ad68140919791675e35b61) Importer(815301076,1909f56bfc062723c751e8b465ee728b)  -> (artifact id: '13add27eb7cf22d2bc036467ab240f74') in 0.039586 seconds 
Number of asset objects unloaded after import = 3
========================================================================
Received Import Request.
  Time since last request: 0.000048 seconds.
  path: Assets/Dark UI/New Icons/White Crown 2.png
  artifactKey: Guid(4fad12f9cb197e342928d1584051b58b) Importer(815301076,1909f56bfc062723c751e8b465ee728b)
Number of updated assets reloaded before import = 0
Start importing Assets/Dark UI/New Icons/White Crown 2.png using Guid(4fad12f9cb197e342928d1584051b58b) Importer(815301076,1909f56bfc062723c751e8b465ee728b)  -> (artifact id: '83b8a62d752aa426578509b35cf7bfd4') in 0.035750 seconds 
Number of asset objects unloaded after import = 3
========================================================================
Received Import Request.
  Time since last request: 0.000040 seconds.
  path: Assets/Dark UI/New Icons/White Close 2.png
  artifactKey: Guid(32f1d9665ce2b9a439c44710671d4baa) Importer(815301076,1909f56bfc062723c751e8b465ee728b)
Number of updated assets reloaded before import = 0
Start importing Assets/Dark UI/New Icons/White Close 2.png using Guid(32f1d9665ce2b9a439c44710671d4baa) Importer(815301076,1909f56bfc062723c751e8b465ee728b)  -> (artifact id: 'f1cd6f1151fc8dc2d120bd6ef0a2d07c') in 0.036728 seconds 
Number of asset objects unloaded after import = 3
========================================================================
Received Import Request.
  Time since last request: 0.000036 seconds.
  path: Assets/Dark UI/New Icons/White Click.png
  artifactKey: Guid(cde92da782a3fa24985de86cf32bd393) Importer(815301076,1909f56bfc062723c751e8b465ee728b)
Number of updated assets reloaded before import = 0
Start importing Assets/Dark UI/New Icons/White Click.png using Guid(cde92da782a3fa24985de86cf32bd393) Importer(815301076,1909f56bfc062723c751e8b465ee728b)  -> (artifact id: '30ac3c2090730ce871f8eff6890c2981') in 0.033527 seconds 
Number of asset objects unloaded after import = 3
========================================================================
Received Import Request.
  Time since last request: 0.000024 seconds.
  path: Assets/Dark UI/New Icons/White Chat.png
  artifactKey: Guid(09ad577f037d7c74188dd1452bf40bda) Importer(815301076,1909f56bfc062723c751e8b465ee728b)
Number of updated assets reloaded before import = 0
Start importing Assets/Dark UI/New Icons/White Chat.png using Guid(09ad577f037d7c74188dd1452bf40bda) Importer(815301076,1909f56bfc062723c751e8b465ee728b)  -> (artifact id: '7f1c50c9e2afa15bfd1a85ab238d898e') in 0.039976 seconds 
Number of asset objects unloaded after import = 3
========================================================================
Received Import Request.
  Time since last request: 0.000032 seconds.
  path: Assets/Dark UI/New Icons/White Compass.png
  artifactKey: Guid(abf74d25bd2e8544c8f2cd5c53d937c7) Importer(815301076,1909f56bfc062723c751e8b465ee728b)
Number of updated assets reloaded before import = 0
Start importing Assets/Dark UI/New Icons/White Compass.png using Guid(abf74d25bd2e8544c8f2cd5c53d937c7) Importer(815301076,1909f56bfc062723c751e8b465ee728b)  -> (artifact id: 'cec6c6422de88228f6274d0c6605793d') in 0.035033 seconds 
Number of asset objects unloaded after import = 3
========================================================================
Received Import Request.
  Time since last request: 0.000036 seconds.
  path: Assets/Dark UI/New Icons/White Bug 2.png
  artifactKey: Guid(d456fe370b1dc30469820438c30781e0) Importer(815301076,1909f56bfc062723c751e8b465ee728b)
Number of updated assets reloaded before import = 0
Start importing Assets/Dark UI/New Icons/White Bug 2.png using Guid(d456fe370b1dc30469820438c30781e0) Importer(815301076,1909f56bfc062723c751e8b465ee728b)  -> (artifact id: 'd4cecf5c46dffaacf130cc57f5d6984f') in 0.035490 seconds 
Number of asset objects unloaded after import = 3
========================================================================
Received Import Request.
  Time since last request: 0.000021 seconds.
  path: Assets/Dark UI/New Icons/White Bug.png
  artifactKey: Guid(00f4db9fb344e184899b7f5e4b589792) Importer(815301076,1909f56bfc062723c751e8b465ee728b)
Number of updated assets reloaded before import = 0
Start importing Assets/Dark UI/New Icons/White Bug.png using Guid(00f4db9fb344e184899b7f5e4b589792) Importer(815301076,1909f56bfc062723c751e8b465ee728b)  -> (artifact id: 'f1b2aa1f437ad8745885f13ffd20cd88') in 0.033452 seconds 
Number of asset objects unloaded after import = 3
========================================================================
Received Import Request.
  Time since last request: 0.000016 seconds.
  path: Assets/Dark UI/New Icons/White Controls.png
  artifactKey: Guid(baeb018aa1f4d7d47beb433793486c76) Importer(815301076,1909f56bfc062723c751e8b465ee728b)
Number of updated assets reloaded before import = 0
Start importing Assets/Dark UI/New Icons/White Controls.png using Guid(baeb018aa1f4d7d47beb433793486c76) Importer(815301076,1909f56bfc062723c751e8b465ee728b)  -> (artifact id: 'f71bd61d07a4cdd8e7cfa1344cfd6d3a') in 0.035080 seconds 
Number of asset objects unloaded after import = 3
========================================================================
Received Import Request.
  Time since last request: 0.000052 seconds.
  path: Assets/Dark UI/New Icons/White Crown 1.png
  artifactKey: Guid(d46c9ba111b274d4c906685a3f86b6af) Importer(815301076,1909f56bfc062723c751e8b465ee728b)
Number of updated assets reloaded before import = 0
Start importing Assets/Dark UI/New Icons/White Crown 1.png using Guid(d46c9ba111b274d4c906685a3f86b6af) Importer(815301076,1909f56bfc062723c751e8b465ee728b)  -> (artifact id: 'ec01a060327ac961edf0a898c800c8b4') in 0.036142 seconds 
Number of asset objects unloaded after import = 3
========================================================================
Received Import Request.
  Time since last request: 0.000027 seconds.
  path: Assets/Dark UI/New Icons/White Energy 2.png
  artifactKey: Guid(64d182adf2398fe478c63ba1cd15a097) Importer(815301076,1909f56bfc062723c751e8b465ee728b)
Number of updated assets reloaded before import = 0
Start importing Assets/Dark UI/New Icons/White Energy 2.png using Guid(64d182adf2398fe478c63ba1cd15a097) Importer(815301076,1909f56bfc062723c751e8b465ee728b)  -> (artifact id: '15b3a082a885d043d5a0940c1fb34fe4') in 0.036753 seconds 
Number of asset objects unloaded after import = 3
========================================================================
Received Import Request.
  Time since last request: 0.000019 seconds.
  path: Assets/Dark UI/New Icons/White Chat 3.png
  artifactKey: Guid(b2ed063a6ff1b52438201365662fee8f) Importer(815301076,1909f56bfc062723c751e8b465ee728b)
Number of updated assets reloaded before import = 0
Start importing Assets/Dark UI/New Icons/White Chat 3.png using Guid(b2ed063a6ff1b52438201365662fee8f) Importer(815301076,1909f56bfc062723c751e8b465ee728b)  -> (artifact id: '179b11e5fa9fad0842fd96ca7115cb8a') in 0.043288 seconds 
Number of asset objects unloaded after import = 3
========================================================================
Received Import Request.
  Time since last request: 0.000025 seconds.
  path: Assets/Dark UI/New Icons/White Chest.png
  artifactKey: Guid(e43952f029d87404b8e6401bed71c7ba) Importer(815301076,1909f56bfc062723c751e8b465ee728b)
Number of updated assets reloaded before import = 0
Start importing Assets/Dark UI/New Icons/White Chest.png using Guid(e43952f029d87404b8e6401bed71c7ba) Importer(815301076,1909f56bfc062723c751e8b465ee728b)  -> (artifact id: 'a44a892aec48619afdf3df3e1a72289d') in 0.032921 seconds 
Number of asset objects unloaded after import = 3
========================================================================
Received Import Request.
  Time since last request: 0.000026 seconds.
  path: Assets/Dark UI/New Icons/White Clover.png
  artifactKey: Guid(8bb0d793364b4f24099b857dedd6837a) Importer(815301076,1909f56bfc062723c751e8b465ee728b)
Number of updated assets reloaded before import = 0
Start importing Assets/Dark UI/New Icons/White Clover.png using Guid(8bb0d793364b4f24099b857dedd6837a) Importer(815301076,1909f56bfc062723c751e8b465ee728b)  -> (artifact id: '9df302d64a6402b2892aa7a373fa0d66') in 0.039104 seconds 
Number of asset objects unloaded after import = 3
========================================================================
Received Import Request.
  Time since last request: 0.000016 seconds.
  path: Assets/Dark UI/New Icons/White Compress.png
  artifactKey: Guid(3bc40403c8e3e564ea87b52fdfa22c67) Importer(815301076,1909f56bfc062723c751e8b465ee728b)
Number of updated assets reloaded before import = 0
Start importing Assets/Dark UI/New Icons/White Compress.png using Guid(3bc40403c8e3e564ea87b52fdfa22c67) Importer(815301076,1909f56bfc062723c751e8b465ee728b)  -> (artifact id: '6b2231c7100d3053c22b2c41fa9a8025') in 0.037553 seconds 
Number of asset objects unloaded after import = 3
========================================================================
Received Import Request.
  Time since last request: 0.000027 seconds.
  path: Assets/Dark UI/New Icons/White Info 1.png
  artifactKey: Guid(883c9ddf3617dec428bc0fafdad03f92) Importer(815301076,1909f56bfc062723c751e8b465ee728b)
Number of updated assets reloaded before import = 0
Start importing Assets/Dark UI/New Icons/White Info 1.png using Guid(883c9ddf3617dec428bc0fafdad03f92) Importer(815301076,1909f56bfc062723c751e8b465ee728b)  -> (artifact id: 'b413161e9c62bc1ca4176f9f8ae3f550') in 0.041611 seconds 
Number of asset objects unloaded after import = 3
========================================================================
Received Import Request.
  Time since last request: 0.000055 seconds.
  path: Assets/Dark UI/New Icons/White Cloud 2.png
  artifactKey: Guid(26296941768b8ce45919770860a12d3a) Importer(815301076,1909f56bfc062723c751e8b465ee728b)
Number of updated assets reloaded before import = 0
Start importing Assets/Dark UI/New Icons/White Cloud 2.png using Guid(26296941768b8ce45919770860a12d3a) Importer(815301076,1909f56bfc062723c751e8b465ee728b)  -> (artifact id: '53214dc9b5fbe8da22f8ae4bd9914c65') in 0.037077 seconds 
Number of asset objects unloaded after import = 3
========================================================================
Received Import Request.
  Time since last request: 0.000020 seconds.
  path: Assets/Dark UI/New Icons/White Helmet.png
  artifactKey: Guid(1496937c4b3a2ce4fa97dde5031a5a2e) Importer(815301076,1909f56bfc062723c751e8b465ee728b)
Number of updated assets reloaded before import = 0
Start importing Assets/Dark UI/New Icons/White Helmet.png using Guid(1496937c4b3a2ce4fa97dde5031a5a2e) Importer(815301076,1909f56bfc062723c751e8b465ee728b)  -> (artifact id: 'db458cbc21bd4189fb70851069f42a07') in 0.043225 seconds 
Number of asset objects unloaded after import = 3
========================================================================
Received Import Request.
  Time since last request: 0.000022 seconds.
  path: Assets/Dark UI/New Icons/White Heart Arrow.png
  artifactKey: Guid(8fef4bbb630501a4aafaabdd9da48f64) Importer(815301076,1909f56bfc062723c751e8b465ee728b)
Number of updated assets reloaded before import = 0
Start importing Assets/Dark UI/New Icons/White Heart Arrow.png using Guid(8fef4bbb630501a4aafaabdd9da48f64) Importer(815301076,1909f56bfc062723c751e8b465ee728b)  -> (artifact id: 'af3149e2373377b74345a14b7c698288') in 0.034696 seconds 
Number of asset objects unloaded after import = 3
========================================================================
Received Import Request.
  Time since last request: 0.000027 seconds.
  path: Assets/Dark UI/New Icons/White Feather.png
  artifactKey: Guid(5827327d95b75294ba5cde457a00ac62) Importer(815301076,1909f56bfc062723c751e8b465ee728b)
Number of updated assets reloaded before import = 0
Start importing Assets/Dark UI/New Icons/White Feather.png using Guid(5827327d95b75294ba5cde457a00ac62) Importer(815301076,1909f56bfc062723c751e8b465ee728b)  -> (artifact id: '9f94e0e909c63b42f5d9c676e3c90076') in 0.043341 seconds 
Number of asset objects unloaded after import = 3
========================================================================
Received Import Request.
  Time since last request: 0.000074 seconds.
  path: Assets/Dark UI/New Icons/White Dollar Sign.png
  artifactKey: Guid(ed58699d39fb18f45a75204c4c4e6abd) Importer(815301076,1909f56bfc062723c751e8b465ee728b)
Number of updated assets reloaded before import = 0
Start importing Assets/Dark UI/New Icons/White Dollar Sign.png using Guid(ed58699d39fb18f45a75204c4c4e6abd) Importer(815301076,1909f56bfc062723c751e8b465ee728b)  -> (artifact id: 'e235a9c2c11c30a1dab58020ff4c720c') in 0.034210 seconds 
Number of asset objects unloaded after import = 3
========================================================================
Received Import Request.
  Time since last request: 0.000019 seconds.
  path: Assets/Dark UI/New Icons/White Chat 4.png
  artifactKey: Guid(c72f41e83b785ec43adb5d5908fadf6f) Importer(815301076,1909f56bfc062723c751e8b465ee728b)
Number of updated assets reloaded before import = 0
Start importing Assets/Dark UI/New Icons/White Chat 4.png using Guid(c72f41e83b785ec43adb5d5908fadf6f) Importer(815301076,1909f56bfc062723c751e8b465ee728b)  -> (artifact id: '6da887691789c75899f469cdb1ee80e3') in 0.035378 seconds 
Number of asset objects unloaded after import = 3
========================================================================
Received Import Request.
  Time since last request: 0.000043 seconds.
  path: Assets/Dark UI/New Icons/White Device Vibration.png
  artifactKey: Guid(ddff5c531fde7eb4da016e8783618b28) Importer(815301076,1909f56bfc062723c751e8b465ee728b)
Number of updated assets reloaded before import = 0
Start importing Assets/Dark UI/New Icons/White Device Vibration.png using Guid(ddff5c531fde7eb4da016e8783618b28) Importer(815301076,1909f56bfc062723c751e8b465ee728b)  -> (artifact id: '78da77d3c016a1b3eaf904030d65960b') in 0.040196 seconds 
Number of asset objects unloaded after import = 3
========================================================================
Received Import Request.
  Time since last request: 0.000025 seconds.
  path: Assets/Dark UI/New Icons/White Home 2.png
  artifactKey: Guid(46da1ec1a579f104798ed66f5db796f1) Importer(815301076,1909f56bfc062723c751e8b465ee728b)
Number of updated assets reloaded before import = 0
Start importing Assets/Dark UI/New Icons/White Home 2.png using Guid(46da1ec1a579f104798ed66f5db796f1) Importer(815301076,1909f56bfc062723c751e8b465ee728b)  -> (artifact id: '06aa70a5e7f0c06b03f2e1cd8b4c20d8') in 0.037537 seconds 
Number of asset objects unloaded after import = 3
========================================================================
Received Import Request.
  Time since last request: 0.000026 seconds.
  path: Assets/Dark UI/New Icons/White Bluetooth.png
  artifactKey: Guid(5d1ba1b2d4048324d8b53a4e598cd7a7) Importer(815301076,1909f56bfc062723c751e8b465ee728b)
Number of updated assets reloaded before import = 0
Start importing Assets/Dark UI/New Icons/White Bluetooth.png using Guid(5d1ba1b2d4048324d8b53a4e598cd7a7) Importer(815301076,1909f56bfc062723c751e8b465ee728b)  -> (artifact id: 'fed746300013318c1f960d5a4312820a') in 0.036819 seconds 
Number of asset objects unloaded after import = 3
========================================================================
Received Import Request.
  Time since last request: 0.000032 seconds.
  path: Assets/Dark UI/New Icons/White Bomb 1.png
  artifactKey: Guid(6f9ba8aab6a44524980f66569407511f) Importer(815301076,1909f56bfc062723c751e8b465ee728b)
Number of updated assets reloaded before import = 0
Start importing Assets/Dark UI/New Icons/White Bomb 1.png using Guid(6f9ba8aab6a44524980f66569407511f) Importer(815301076,1909f56bfc062723c751e8b465ee728b)  -> (artifact id: '931eb8728606314a0993f9efb0a43d94') in 0.045119 seconds 
Number of asset objects unloaded after import = 3
========================================================================
Received Import Request.
  Time since last request: 0.000034 seconds.
  path: Assets/Dark UI/New Icons/White Battery Empty.png
  artifactKey: Guid(a99fd916c936da04d8b6b4060f671033) Importer(815301076,1909f56bfc062723c751e8b465ee728b)
Number of updated assets reloaded before import = 0
Start importing Assets/Dark UI/New Icons/White Battery Empty.png using Guid(a99fd916c936da04d8b6b4060f671033) Importer(815301076,1909f56bfc062723c751e8b465ee728b)  -> (artifact id: '95f6de631267589a5e797d11e69ec414') in 0.039069 seconds 
Number of asset objects unloaded after import = 3
========================================================================
Received Import Request.
  Time since last request: 0.000022 seconds.
  path: Assets/Dark UI/New Icons/White Axe.png
  artifactKey: Guid(906bd1c2c8957684590dd0a52379234f) Importer(815301076,1909f56bfc062723c751e8b465ee728b)
Number of updated assets reloaded before import = 0
Start importing Assets/Dark UI/New Icons/White Axe.png using Guid(906bd1c2c8957684590dd0a52379234f) Importer(815301076,1909f56bfc062723c751e8b465ee728b)  -> (artifact id: '954cea34009d695862a19d001dcc2466') in 0.038182 seconds 
Number of asset objects unloaded after import = 3
========================================================================
Received Import Request.
  Time since last request: 0.000031 seconds.
  path: Assets/Dark UI/New Icons/White Alert.png
  artifactKey: Guid(17f42810d27567f4d990696a7c399fd1) Importer(815301076,1909f56bfc062723c751e8b465ee728b)
Number of updated assets reloaded before import = 0
Start importing Assets/Dark UI/New Icons/White Alert.png using Guid(17f42810d27567f4d990696a7c399fd1) Importer(815301076,1909f56bfc062723c751e8b465ee728b)  -> (artifact id: '23e8e0f541da96786c667a0aff950a08') in 0.036804 seconds 
Number of asset objects unloaded after import = 3
========================================================================
Received Import Request.
  Time since last request: 0.000033 seconds.
  path: Assets/Dark UI/New Icons/White Alarm 2.png
  artifactKey: Guid(8bc5f3314f9c4ab40bc4f83e50c6b997) Importer(815301076,1909f56bfc062723c751e8b465ee728b)
Number of updated assets reloaded before import = 0
Start importing Assets/Dark UI/New Icons/White Alarm 2.png using Guid(8bc5f3314f9c4ab40bc4f83e50c6b997) Importer(815301076,1909f56bfc062723c751e8b465ee728b)  -> (artifact id: 'c45acee0a2ef236363917e7c5cca9906') in 0.041309 seconds 
Number of asset objects unloaded after import = 3
========================================================================
Received Import Request.
  Time since last request: 0.000028 seconds.
  path: Assets/Dark UI/New Icons/White Anvil.png
  artifactKey: Guid(3f74aec16809b204a9aa421fa2f77723) Importer(815301076,1909f56bfc062723c751e8b465ee728b)
Number of updated assets reloaded before import = 0
Start importing Assets/Dark UI/New Icons/White Anvil.png using Guid(3f74aec16809b204a9aa421fa2f77723) Importer(815301076,1909f56bfc062723c751e8b465ee728b)  -> (artifact id: '3020545c439969f937f4d2935ec90366') in 0.036728 seconds 
Number of asset objects unloaded after import = 3
========================================================================
Received Import Request.
  Time since last request: 0.000023 seconds.
  path: Assets/Dark UI/New Icons/White Bag 2.png
  artifactKey: Guid(20a8bf9bad7743b42bc5c87b3b7983c7) Importer(815301076,1909f56bfc062723c751e8b465ee728b)
Number of updated assets reloaded before import = 0
Start importing Assets/Dark UI/New Icons/White Bag 2.png using Guid(20a8bf9bad7743b42bc5c87b3b7983c7) Importer(815301076,1909f56bfc062723c751e8b465ee728b)  -> (artifact id: 'e1a8ea4d423a2c70b385491764dc217a') in 0.038693 seconds 
Number of asset objects unloaded after import = 3
========================================================================
Received Import Request.
  Time since last request: 0.000023 seconds.
  path: Assets/Dark UI/New Icons/White Bag 1.png
  artifactKey: Guid(b36b4b90183aad44992a0f3ba8e36764) Importer(815301076,1909f56bfc062723c751e8b465ee728b)
Number of updated assets reloaded before import = 0
Start importing Assets/Dark UI/New Icons/White Bag 1.png using Guid(b36b4b90183aad44992a0f3ba8e36764) Importer(815301076,1909f56bfc062723c751e8b465ee728b)  -> (artifact id: 'f7e1f0da85afe39f2c9c5722473f21fe') in 0.037217 seconds 
Number of asset objects unloaded after import = 3
========================================================================
Received Import Request.
  Time since last request: 0.000024 seconds.
  path: Assets/Dark UI/New Icons/White Blade 1.png
  artifactKey: Guid(f2c6f216748c23e48844cac363144790) Importer(815301076,1909f56bfc062723c751e8b465ee728b)
Number of updated assets reloaded before import = 0
Start importing Assets/Dark UI/New Icons/White Blade 1.png using Guid(f2c6f216748c23e48844cac363144790) Importer(815301076,1909f56bfc062723c751e8b465ee728b)  -> (artifact id: 'fabf992a1cfab7a8f992442e1ea497dc') in 0.040494 seconds 
Number of asset objects unloaded after import = 3
========================================================================
Received Import Request.
  Time since last request: 0.000027 seconds.
  path: Assets/Dark UI/New Icons/White Bitcoin.png
  artifactKey: Guid(5d7252e30b1211c4fa46ee6a32b61006) Importer(815301076,1909f56bfc062723c751e8b465ee728b)
Number of updated assets reloaded before import = 0
Start importing Assets/Dark UI/New Icons/White Bitcoin.png using Guid(5d7252e30b1211c4fa46ee6a32b61006) Importer(815301076,1909f56bfc062723c751e8b465ee728b)  -> (artifact id: 'de440b3c56507535d193c0a1b450d175') in 0.044486 seconds 
Number of asset objects unloaded after import = 3
========================================================================
Received Import Request.
  Time since last request: 0.000057 seconds.
  path: Assets/Dark UI/New Icons/White Anchor.png
  artifactKey: Guid(5ac1f56673bd69f40b2a72c9679ffd1d) Importer(815301076,1909f56bfc062723c751e8b465ee728b)
Number of updated assets reloaded before import = 0
Start importing Assets/Dark UI/New Icons/White Anchor.png using Guid(5ac1f56673bd69f40b2a72c9679ffd1d) Importer(815301076,1909f56bfc062723c751e8b465ee728b)  -> (artifact id: '979d69ed5fea5114d976a21bfcaa7516') in 0.042486 seconds 
Number of asset objects unloaded after import = 3
========================================================================
Received Import Request.
  Time since last request: 0.027233 seconds.
  path: Assets/Dark UI/Free/Up Arrow.png
  artifactKey: Guid(bdfcd00e719df654886a535178587f29) Importer(815301076,1909f56bfc062723c751e8b465ee728b)
Number of updated assets reloaded before import = 0
Start importing Assets/Dark UI/Free/Up Arrow.png using Guid(bdfcd00e719df654886a535178587f29) Importer(815301076,1909f56bfc062723c751e8b465ee728b)  -> (artifact id: '23ff183230e6449e3a2f4bc40c34b72d') in 0.030069 seconds 
Number of asset objects unloaded after import = 3
========================================================================
Received Import Request.
  Time since last request: 0.000017 seconds.
  path: Assets/Dark UI/New Icons/White Alarm.png
  artifactKey: Guid(aaed792cdbe901b43bdd4ea9b4ddf883) Importer(815301076,1909f56bfc062723c751e8b465ee728b)
Number of updated assets reloaded before import = 0
Start importing Assets/Dark UI/New Icons/White Alarm.png using Guid(aaed792cdbe901b43bdd4ea9b4ddf883) Importer(815301076,1909f56bfc062723c751e8b465ee728b)  -> (artifact id: '0a2aab53f61803f44ab8cad9d2293a7d') in 0.046349 seconds 
Number of asset objects unloaded after import = 3
========================================================================
Received Import Request.
  Time since last request: 0.000031 seconds.
  path: Assets/Dark UI/New Icons/White Acorn.png
  artifactKey: Guid(ac5118164d2b8e142b02d0c60f1e5602) Importer(815301076,1909f56bfc062723c751e8b465ee728b)
Number of updated assets reloaded before import = 0
Start importing Assets/Dark UI/New Icons/White Acorn.png using Guid(ac5118164d2b8e142b02d0c60f1e5602) Importer(815301076,1909f56bfc062723c751e8b465ee728b)  -> (artifact id: '6058604f4659937eb4f4e070acf7e60c') in 0.036181 seconds 
Number of asset objects unloaded after import = 3
========================================================================
Received Import Request.
  Time since last request: 68.129627 seconds.
  path: Assets/bottles_Normal_GL.png
  artifactKey: Guid(a147a4bc04299644a96c17ae32bdff51) Importer(815301076,1909f56bfc062723c751e8b465ee728b)
Number of updated assets reloaded before import = 0
Start importing Assets/bottles_Normal_GL.png using Guid(a147a4bc04299644a96c17ae32bdff51) Importer(815301076,1909f56bfc062723c751e8b465ee728b)  -> (artifact id: '17949a6252a78c6ea75742ecd2f512a7') in 0.042311 seconds 
Number of asset objects unloaded after import = 2
========================================================================
Received Import Request.
  Time since last request: 376.863791 seconds.
  path: Assets/TextMesh Pro/Examples & Extras/Resources/Fonts & Materials/Electronic Highway Sign SDF.asset
  artifactKey: Guid(dc36b3fdc14f47ebb36fd484a67e268a) Importer(815301076,1909f56bfc062723c751e8b465ee728b)
Number of updated assets reloaded before import = 0
Start importing Assets/TextMesh Pro/Examples & Extras/Resources/Fonts & Materials/Electronic Highway Sign SDF.asset using Guid(dc36b3fdc14f47ebb36fd484a67e268a) Importer(815301076,1909f56bfc062723c751e8b465ee728b)  -> (artifact id: '8c0f59aa478c8f432ef26a7557e60711') in 0.084922 seconds 
Number of asset objects unloaded after import = 6
========================================================================
Received Import Request.
  Time since last request: 885.961136 seconds.
  path: Assets/Scripts/ScriptsZack/UIManager.cs
  artifactKey: Guid(0d4aea3d752d0474f9c64d8fe3fbb320) Importer(815301076,1909f56bfc062723c751e8b465ee728b)
Number of updated assets reloaded before import = 0
Start importing Assets/Scripts/ScriptsZack/UIManager.cs using Guid(0d4aea3d752d0474f9c64d8fe3fbb320) Importer(815301076,1909f56bfc062723c751e8b465ee728b)  -> (artifact id: '17e99f5f4588cf46faa39be8f229101c') in 0.012558 seconds 
Number of asset objects unloaded after import = 0
